cs,week,tv,print,disp_imps,gqv,dts,display,ps_imps,search,web,sales
cs 1,12/30/1944,4.226754814,0.98211356,0.942112909,1.68856901,1.887618511,3.093290246,5.183595905,4.944694583,2.230656019,5.001906143
cs 1,12/31/1944,1.947536726,0.404475314,3.222659857,1.293193166,1.408982713,2.674613103,-0.235208727,2.340842305,1.476954907,2.954014938
cs 1,1/1/1945,1.27585179,1.04018874,4.308322143,1.580503603,1.267928876,2.656547385,4.16507878,4.056112406,1.883944445,3.324083815
cs 1,1/2/1945,4.654157062,1.861119708,3.426406815,2.148872269,1.977372983,3.913319002,3.771920022,4.912063409,2.288267487,6.080171563
cs 1,1/3/1945,3.214588389,0.682652511,5.388668375,1.491472645,1.675063562,3.781768236,8.826984813,5.915000848,2.624062664,4.303713382
cs 1,1/4/1945,5.950070985,0.388554884,2.165554576,1.471262928,2.249514907,4.160490486,8.706570187,6.255122567,2.774706174,5.574614091
cs 1,1/5/1945,3.328350285,1.455365569,2.336076234,1.883937753,1.69895356,3.054318454,5.461610252,5.083795768,2.276600632,4.970910407
cs 1,1/6/1945,5.16851525,0.966678294,2.898243597,1.724610149,2.085388202,4.004364124,4.028095829,4.704562309,2.241383565,5.505759654
cs 1,1/7/1945,2.311028122,0.739072361,0.341316853,1.477742958,1.485315906,2.100274938,2.566970668,3.55043324,1.684963601,3.538472372
cs 1,1/8/1945,5.207122968,1.015703461,1.159616818,1.750969374,2.093495823,3.578557274,7.706919799,6.038145429,2.666564857,5.719744494
cs 1,1/9/1945,3.373945687,0.966925805,4.883569432,1.641318497,1.708528594,3.723022734,6.521810513,5.252781752,2.378411094,4.572676028
cs 1,1/10/1945,1.879965634,1.109080005,3.721162459,1.643102986,1.394792783,2.77192608,4.394942662,4.281247702,1.970133725,3.748624445
cs 1,1/11/1945,4.866231384,0.391918284,3.042970246,1.422568873,2.021908591,3.908670262,4.90948328,4.706844176,2.228111814,4.796669885
cs 1,1/12/1945,3.870361512,0.734311189,1.42228189,1.547838673,1.812775917,3.059289355,4.55414939,4.545308657,2.088594371,4.525552741
cs 1,1/13/1945,1.872955062,0.692362857,2.834632127,1.433975966,1.393320563,2.543099834,9.658753641,5.962858733,2.609025318,3.574485961
cs 1,1/14/1945,1.096099463,1.88057862,4.103326106,1.993235791,1.230180887,2.525526423,5.607440944,4.904857395,2.181451935,4.117206187
cs 1,1/15/1945,3.711811509,1.618795592,5.068739832,1.983650486,1.779480417,3.918326137,2.97594976,4.346231024,2.12849596,5.282643114
cs 1,1/16/1945,1.359555802,1.014065565,5.404619177,1.571305024,1.285506718,2.972419274,6.297808787,4.816651851,2.169399208,3.443926579
cs 1,1/17/1945,1.736068415,1.76343897,4.005279462,1.964288767,1.364574367,2.781178289,10.88702369,6.845516744,2.982592673,4.633770515
cs 1,1/18/1945,4.619608557,1.969540129,2.0519785,2.201591736,1.970117797,3.548175982,6.846016101,6.043680672,2.666857391,6.293816931
cs 1,1/19/1945,-0.241065985,1.034637613,2.460599709,1.507212359,0.949376143,1.520879351,3.733227036,3.616238288,1.656651245,2.411423717
cs 1,1/20/1945,4.591818382,1.032044014,4.904877891,1.730556251,1.96428186,4.262472254,7.199345636,5.750037192,2.594743156,5.374028466
cs 1,1/21/1945,7.30912129,0.585423573,4.15495151,1.633078105,2.534915471,5.263012392,7.514669097,6.173975638,2.836810395,6.523460301
cs 1,1/22/1945,0.729689966,0.373227488,3.66161217,1.220927782,1.153234893,2.252378928,6.320212101,4.423740857,1.987158747,2.435451154
cs 1,1/23/1945,2.432050083,1.006396727,3.935974015,1.617314431,1.510730518,3.068709954,9.942126201,6.306723637,2.759886765,4.226794654
cs 1,1/24/1945,3.293500708,0.660628981,2.582749763,1.484105514,1.691635149,3.101851955,7.213986041,5.3480117,2.378138719,4.241211919
cs 1,1/25/1945,3.464130594,1.102653288,3.635016568,1.713518389,1.727467425,3.444627694,8.24763502,5.941654421,2.621718318,4.833370655
cs 1,1/26/1945,3.633124701,0.797855714,3.709347829,1.568651118,1.762956187,3.537657921,5.327296949,4.803095636,2.212462182,4.498331453
cs 1,1/27/1945,4.100403268,0.672703716,4.307024251,1.52766237,1.861084686,3.894750722,4.958545116,4.704649369,2.22280503,4.639816883
cs 1,1/28/1945,3.106745725,0.500477816,2.423130254,1.395179045,1.652416602,2.979315399,4.593644426,4.313018552,2.002422899,3.859085746
cs 1,1/29/1945,3.799937468,0.937452713,4.29911803,1.646351714,1.797986868,3.760986576,4.857766424,4.729443121,2.212881888,4.7206217
cs 1,1/30/1945,3.112389232,1.061082557,6.938047658,1.676339135,1.653601739,4.131499675,4.012926655,4.355533869,2.165557138,4.444564253
cs 1,1/31/1945,2.381206766,1.099191127,4.206928312,1.661446871,1.500053421,3.115413403,9.604445089,6.218388585,2.724209079,4.273758242
cs 1,2/1/1945,4.936481247,1.034316314,2.848353892,1.747715527,2.036661062,3.889915583,8.512065202,6.28119089,2.772319108,5.625850128
cs 1,2/2/1945,3.146325017,0.701526854,3.276043536,1.497756826,1.660728254,3.213862182,7.162187841,5.320110407,2.372073085,4.197067435
cs 1,2/3/1945,3.992166754,1.928415331,3.98461295,2.151820739,1.838355018,3.765189202,2.032079046,4.200665334,2.068886021,5.705780262
cs 1,2/4/1945,3.146276378,1.893124272,2.902749982,2.094818822,1.660718039,3.118782813,4.579849913,4.930151547,2.223450264,5.263819551
cs 1,2/5/1945,3.887823133,0.392931828,4.517773284,1.377598084,1.816442858,3.855203325,3.438889247,4.002387652,2.037891745,4.197249126
cs 1,2/6/1945,1.751298093,0.751522311,4.518107707,1.457963632,1.367772599,2.918446446,5.827680625,4.60746177,2.092259167,3.384992857
cs 1,2/7/1945,1.606122203,1.437577945,2.098633582,1.794971976,1.337285663,2.238676908,6.888589336,5.259289653,2.314992427,4.026359999
cs 1,2/8/1945,1.625056558,1.007177844,1.373164116,1.580194926,1.341261877,2.062240868,8.096836253,5.501399534,2.4111516,3.666065092
cs 1,2/9/1945,3.775141691,0.573519655,5.150176148,1.462846103,1.792779755,3.966833209,6.944342307,5.304195442,2.41664418,4.435971907
cs 1,2/10/1945,3.799832978,1.100706713,5.961005273,1.728147243,1.797964925,4.184135171,8.737588016,6.177469084,2.743858589,5.057185993
cs 1,2/11/1945,4.712134788,0.55611525,3.165611121,1.497678983,1.989548306,3.872330767,5.952708576,5.120416695,2.349804969,4.908575972
cs 1,2/12/1945,4.735004352,-0.057657041,3.21609042,1.191204005,1.994350914,3.895213208,1.687985444,3.34132228,1.933337599,4.201271739
cs 1,2/13/1945,2.613645411,1.433695751,1.514635559,1.839858723,1.548865536,2.531751148,3.08611969,4.097819923,1.894817212,4.428128968
cs 1,2/14/1945,0.556697619,1.955818073,5.340165421,2.005862803,1.1169065,2.603962103,8.447509007,5.844223709,2.559675672,4.023709702
cs 1,2/15/1945,2.46328772,0.802486963,1.476468104,1.516594981,1.517290421,2.45610178,8.573293165,5.737122951,2.515065244,3.967950908
cs 1,2/16/1945,1.38245942,1.210718214,4.249435263,1.670904817,1.290316478,2.688298263,4.352013913,4.217647631,1.940587185,3.561922813
cs 1,2/17/1945,5.50370533,1.031701314,5.222622129,1.772771114,2.155778119,4.743236936,3.606083284,4.646403918,2.359170046,5.790631161
cs 1,2/18/1945,1.353479276,0.782273283,1.854827129,1.454880255,1.284230648,2.065811291,9.894977247,5.988968466,2.614376592,3.376830241
cs 1,2/19/1945,2.237185724,0.596172742,4.08209556,1.402709017,1.469809002,3.020473535,5.187532704,4.402923807,2.031565047,3.483770992
cs 1,2/20/1945,4.524778393,1.210778003,4.030242661,1.8169969,1.950203463,4.010352839,4.410790573,4.827380971,2.274342404,5.394419975
cs 1,2/21/1945,1.032500514,-0.228848956,4.24371125,0.93332544,1.216825108,2.533387643,4.66151074,3.626505919,1.736825252,1.949490546
cs 1,2/22/1945,3.073761766,0.919834309,5.018978598,1.603769504,1.645489971,3.625877006,4.416617059,4.429128692,2.105849023,4.270290198
cs 1,2/23/1945,1.506873225,1.50302542,3.953896316,1.823151904,1.316443377,2.667594235,4.839432602,4.542831785,2.053431467,3.943176591
cs 1,2/24/1945,2.871880812,1.220814208,3.464708011,1.745195227,1.60309497,3.141564327,9.043290675,6.164999471,2.703213382,4.648760664
cs 1,2/25/1945,6.906386,0.811812365,2.699304487,1.727792889,2.45034106,4.715741545,3.728737439,4.855718403,2.402702948,6.365843671
cs 1,2/26/1945,4.843894437,1.152372248,3.948395719,1.802565231,2.017217832,4.129439542,9.282775151,6.5892779,2.901957171,5.730817377
cs 1,2/27/1945,2.69251047,2.278921575,1.87343766,2.267035143,1.565427199,2.657700422,1.699114391,3.993715131,1.871013677,5.256110582
cs 1,2/28/1945,2.710132366,1.953924307,3.681480414,2.105010448,1.569127797,3.125839883,3.296210891,4.420003839,2.047967942,5.021913951
cs 1,3/1/1945,4.651229119,0.547362109,4.987207264,1.490462083,1.976758115,4.309488107,5.781730487,5.044501954,2.376191201,4.876195776
cs 1,3/2/1945,4.870337863,1.569227001,4.311325353,2.012664483,2.022770951,4.233453586,-0.124735997,3.441786934,2.03645699,5.837418901
cs 1,3/3/1945,3.532074968,0.876799004,6.518656576,1.603509585,1.741735743,4.208730484,5.967793598,5.046154371,2.360597081,4.568363158
cs 1,3/4/1945,2.834486002,1.745568353,1.078090276,2.006391424,1.59524206,2.51742235,6.507773036,5.490348804,2.416087462,5.021531554
cs 1,3/5/1945,3.505540065,0.301306916,4.878206653,1.313918931,1.736163414,3.779359763,6.003868233,4.799993633,2.235460694,3.970625951
cs 1,3/6/1945,5.829130017,1.488346168,3.904360122,2.016705004,2.224117304,4.55024066,9.616176516,7.04042608,3.095787924,6.651424908
cs 1,3/7/1945,1.77087195,1.422744007,2.794778507,1.795197195,1.37188311,2.488188945,9.569110377,6.23427573,2.721739225,4.242985986
cs 1,3/8/1945,2.078991517,1.333186947,1.754609612,1.764645647,1.436588218,2.358420115,5.795504094,4.914165363,2.181803964,4.140796375
cs 1,3/9/1945,-0.675444528,1.823937918,3.950435417,1.882509894,0.858156649,1.709791304,4.415795491,4.125255335,1.849850574,2.981429807
cs 1,3/10/1945,4.555164215,0.594806819,5.060448998,1.509769512,1.956584485,4.286015514,4.410966322,4.561290648,2.246642233,4.823465119
cs 1,3/11/1945,3.768327286,0.979591881,4.373810162,1.66599674,1.79134873,3.766145988,5.885920704,5.106756409,2.333133974,4.78443181
cs 1,3/12/1945,1.847829641,1.952708934,4.028667607,2.064319681,1.388044225,2.83614004,6.177853338,5.279862156,2.33925192,4.650191016
cs 1,3/13/1945,5.265953449,0.285407061,4.375076938,1.38778013,2.105850224,4.423160684,2.75628701,3.971103329,2.163210434,4.89273577
cs 1,3/14/1945,0.584920951,0.465163319,3.144152687,1.260264146,1.1228334,2.057129908,3.60178423,3.473082696,1.644763421,2.324322667
cs 1,3/15/1945,3.275422296,0.540389448,4.873032977,1.42301772,1.687838682,3.677138267,4.429805156,4.304135927,2.078986207,4.01516072
cs 1,3/16/1945,3.428156679,1.243985125,5.553002534,1.78266226,1.719912902,3.917262695,3.98588925,4.485839321,2.163155781,4.787912479
cs 1,3/17/1945,4.306723495,1.311990736,2.494717476,1.857575074,1.904411934,3.523721527,4.623139454,4.906496883,2.247459992,5.36094743
cs 1,3/18/1945,0.213997555,0.953592092,3.832652168,1.487755911,1.044939487,2.069808449,2.952598074,3.388894374,1.616997222,2.570348848
cs 1,3/19/1945,4.647304923,0.632593161,7.532949759,1.532985724,1.975934034,4.956032793,7.111279302,5.552912237,2.610905296,5.035112472
cs 1,3/20/1945,3.75392345,0.823762212,3.354972793,1.587246882,1.788323925,3.500386305,7.105970432,5.467981035,2.442619163,4.668162923
cs 1,3/21/1945,1.279933735,1.192374933,3.177376947,1.656948068,1.268786084,2.370345598,0.337062706,2.766418249,1.493586284,3.3342617
cs 1,3/22/1945,0.875977305,-0.519562177,4.281000192,0.78038452,1.183955234,2.474249502,6.154277572,3.998289933,1.849080987,1.629950207
cs 1,3/23/1945,2.301399507,1.045156984,5.528409636,1.630662789,1.483293896,3.416929929,5.078459517,4.574424416,2.123379066,3.97187908
cs 1,3/24/1945,2.511850788,0.540010982,6.959869031,1.387335546,1.527488665,3.873727112,7.448943279,5.231629016,2.381702182,3.702124746
cs 1,3/25/1945,2.314585794,1.577244175,3.841310261,1.897884422,1.486063017,2.993097362,4.511663636,4.610705026,2.100101788,4.470321636
cs 1,3/26/1945,3.780008549,1.598076394,3.567987634,1.976438836,1.793801795,3.566067892,9.041707762,6.501115918,2.850201158,5.549791922
cs 1,3/27/1945,2.826193076,0.845432786,2.05820853,1.554982169,1.593500546,2.763370058,3.902394845,4.167528097,1.936160751,4.006569503
cs 1,3/28/1945,4.459111197,1.536180054,4.366877588,1.976991162,1.936413351,4.067281553,7.471130235,6.044048514,2.688355968,5.806900345
cs 1,3/29/1945,1.491489293,0.338136628,2.556734421,1.238755246,1.313212752,2.305065628,8.717936848,5.401377304,2.373747595,2.952366992
cs 1,3/30/1945,3.28138717,0.846175058,2.31740476,1.576512549,1.689091306,3.028971027,7.761712492,5.621882505,2.482158324,4.444632679
cs 1,3/31/1945,1.873708234,0.912854346,0.831192996,1.544490895,1.393478729,2.033260553,7.562567014,5.316887264,2.335290313,3.687227552
cs 1,4/1/1945,-0.599605595,0.908653156,1.918113999,1.427420592,0.874082825,1.225521494,4.089335275,3.619743638,1.64473998,2.093166359
cs 1,4/2/1945,1.315549372,1.146445528,4.402024714,1.635590082,1.276265368,2.697815394,4.563779381,4.251846982,1.952625418,3.469208588
cs 1,4/3/1945,1.922834571,1.733349967,2.754041965,1.957893625,1.40379526,2.5444494,8.261477302,5.936074886,2.597972999,4.574723832
cs 1,4/4/1945,1.906485314,1.403705908,3.282642672,1.791961543,1.400361916,2.671886961,4.531865307,4.464805056,2.027055888,4.059239952
cs 1,4/5/1945,2.874671105,0.689248114,2.895354013,1.478977324,1.603680932,2.997803616,6.931933937,5.182123656,2.309786223,4.015580868
cs 1,4/6/1945,1.987316912,1.855378418,4.645795095,2.022034738,1.417336552,3.054453222,6.51992503,5.384364044,2.387936162,4.651904377
cs 1,4/7/1945,3.510369773,1.422219288,5.846748453,1.875790089,1.737177652,4.02811369,1.322105601,3.635182866,2.003223313,4.94483143
cs 1,4/8/1945,2.603433721,1.076356575,1.007443027,1.660334957,1.546721081,2.398118439,9.807129119,6.321838517,2.758377294,4.385572947
cs 1,4/9/1945,2.512848935,1.47830454,5.080403995,1.857525246,1.527698276,3.395564867,5.787763718,5.056768655,2.284478487,4.549520516
cs 1,4/10/1945,5.980879294,0.750320575,1.297526577,1.653962031,2.255984652,3.952958953,4.85700631,5.055288651,2.34140238,5.781217239
cs 1,4/11/1945,3.552406834,1.030627717,1.05401866,1.681532388,1.746005435,2.826092743,8.742442617,6.101895844,2.672388729,4.831530194
cs 1,4/12/1945,2.456487269,0.437125312,2.708463482,1.333210019,1.515862327,2.766843647,6.141858289,4.712283764,2.123092611,3.485988832
cs 1,4/13/1945,5.692866832,0.61810153,6.754326437,1.57432461,2.195502035,5.216225846,7.0208832,5.71039254,2.695666937,5.622150588
cs 1,4/14/1945,3.404508613,0.998156741,4.339087442,1.658387768,1.714946809,3.597773587,6.715387735,5.340945373,2.401026659,4.626495429
cs 1,4/15/1945,3.563791012,-0.295084496,1.438631058,1.017797458,1.748396112,2.929024926,4.817715436,4.127029429,1.941751133,3.341373763
cs 1,4/16/1945,1.467988803,0.658023823,3.854214242,1.397946227,1.308277649,2.625160127,6.218354719,4.651661054,2.090841302,3.141953551
cs 1,4/17/1945,2.969429952,1.347090603,5.480276142,1.813001843,1.62358029,3.69759667,4.952915251,4.788339063,2.221474614,4.654133336
cs 1,4/18/1945,2.702071777,1.02429044,5.424520712,1.638831513,1.567435073,3.566165192,7.117549908,5.363472993,2.405926648,4.268859359
cs 1,4/19/1945,2.615909122,1.290795637,3.591124014,1.76836212,1.549340916,3.061515081,7.706660932,5.673874164,2.50273923,4.505292852
cs 1,4/20/1945,4.643097436,1.574760506,0.677662613,2.004874461,1.975050462,3.208510327,4.733885427,5.124777273,2.303381561,5.810647256
cs 1,4/21/1945,1.437869161,0.191694037,5.195363159,1.162886034,1.301952524,2.953472401,2.213353761,3.019819151,1.646761081,2.53450485
cs 1,4/22/1945,1.134700588,0.94008481,2.965645221,1.523784293,1.238287123,2.252745683,6.043273235,4.651592463,2.074506282,3.218851791
cs 1,4/23/1945,2.762700547,1.980879928,1.603047621,2.120960376,1.580167115,2.619623994,5.711956594,5.298506628,2.341680159,5.177400918
cs 1,4/24/1945,1.995268988,0.394996214,3.073262415,1.290662253,1.419006487,2.657499566,3.665881775,3.729143469,1.785593343,3.077827639
cs 1,4/25/1945,3.130612327,0.898890629,1.307830574,1.595917964,1.657428589,2.705773042,4.312002513,4.39343721,2.00915231,4.248298965
cs 1,4/26/1945,2.379064768,1.155804635,6.425158388,1.689714187,1.499603601,3.679339544,6.029965516,4.975266825,2.278496569,4.171732432
cs 1,4/27/1945,1.661592111,1.698688175,1.852061399,1.928382773,1.348934343,2.200210996,5.758900158,4.984270998,2.204058271,4.263358023
cs 1,4/28/1945,1.606120706,1.393604676,6.027228067,1.77293857,1.337285348,3.239080608,7.225791352,5.359472874,2.385484351,4.009449814
cs 1,4/29/1945,3.749330246,1.129259582,1.934188182,1.740106521,1.787359352,3.136573859,9.782350912,6.551136236,2.863345249,5.097659163
cs 1,4/30/1945,4.674724931,0.567112382,6.606359958,1.501450334,1.981692236,4.732102948,7.236486967,5.573557477,2.585639422,4.979924656
cs 1,5/1/1945,4.222445929,0.704239128,4.226607879,1.549136388,1.886713645,3.927787268,6.53164474,5.29934437,2.412624516,4.801674743
cs 1,5/2/1945,1.095735446,1.261184468,3.437709753,1.682863961,1.230104444,2.355869673,5.314105224,4.527398789,2.031353818,3.4839518
cs 1,5/3/1945,4.669367979,1.16220231,6.205192403,1.799378316,1.980567276,4.627597916,4.313008839,4.798359967,2.365162638,5.459226595
cs 1,5/4/1945,3.988665016,1.37827908,1.994592671,1.876005567,1.837619653,3.25690126,4.636777895,4.880985642,2.217512838,5.2389976
cs 1,5/5/1945,2.753907186,0.686534612,2.499105162,1.47200431,1.578320509,2.843946469,6.839827203,5.125629217,2.281738234,3.937352871
cs 1,5/6/1945,6.903177587,0.556806207,5.810942187,1.599869843,2.449667293,5.506703546,5.844253113,5.492852527,2.700592514,6.227718478
cs 1,5/7/1945,3.35343585,0.690907412,2.120141244,1.502062808,1.704221528,3.010331017,5.525883761,4.773912929,2.161885183,4.227667321
cs 1,5/8/1945,6.290001266,1.504801136,1.806168613,2.046372307,2.320900266,4.218029548,5.449204114,5.656218175,2.56247029,6.73446884
cs 1,5/9/1945,2.621336324,1.381263156,2.808225121,1.81394423,1.550480628,2.864532082,8.111750136,5.85848403,2.572229485,4.617154243
cs 1,5/10/1945,1.732207348,1.325120409,-1.284390392,1.744484495,1.363763543,1.432487293,7.431781336,5.425932248,2.373506113,4.009951133
cs 1,5/11/1945,3.443620235,0.650531719,4.043592248,1.486024056,1.723160249,3.539676659,4.619037331,4.451376941,2.10312922,4.218764943
cs 1,5/12/1945,1.698714175,0.46066098,7.130828042,1.309779834,1.356729977,3.560710094,5.418942926,4.324281015,2.062893401,3.073186592
cs 1,5/13/1945,3.68457605,1.702580198,0.035405531,2.024365807,1.773760971,2.624660786,11.50057305,7.401400741,3.219838662,5.723398985
cs 1,5/14/1945,2.986864625,0.820624881,4.267146036,1.550020247,1.627241571,3.396321772,8.030152325,5.650617176,2.505707256,4.267849535
cs 1,5/15/1945,0.52126303,0.758483385,4.55161289,1.404276737,1.109465236,2.38762199,5.360367331,4.214294061,1.916804945,2.658750891
cs 1,5/16/1945,2.174998581,0.716026373,3.425542832,1.459872525,1.456749702,2.826016069,7.964778206,5.429128071,2.398149244,3.688893728
cs 1,5/17/1945,1.638225218,1.491580105,1.473885219,1.82352263,1.344027296,2.093663491,7.813917908,5.6173105,2.459539368,4.144511123
cs 1,5/18/1945,4.058585828,0.840471314,5.248288015,1.609780578,1.852303024,4.116104135,7.087677666,5.525960511,2.504908061,4.871845063
cs 1,5/19/1945,3.820327289,0.401538395,4.264977906,1.378773148,1.802268731,3.761233606,6.094252092,4.935274113,2.276866263,4.250998749
cs 1,5/20/1945,2.72811798,0.293208939,5.966688285,1.273724997,1.572904776,3.715647441,7.274035376,5.101203706,2.324540217,3.568973849
cs 1,5/21/1945,4.121117436,1.591125493,1.920999395,1.988811519,1.865434661,3.296239848,8.669574294,6.429992251,2.816001721,5.717856059
cs 1,5/22/1945,3.009606766,1.238043975,3.047808962,1.760230225,1.632017421,3.095793554,6.799921012,5.40279157,2.398364204,4.634874606
cs 1,5/23/1945,3.192674051,0.879772288,-0.943217615,1.589223259,1.670461551,2.159763992,2.652039565,3.807916396,1.778441934,4.184571191
cs 1,5/24/1945,1.988034651,1.064238697,5.203655368,1.625658001,1.417487277,3.196825325,11.13231679,6.671150417,2.913222714,4.091407134
cs 1,5/25/1945,1.84075224,0.651603266,4.230542433,1.412056021,1.38655797,2.884443475,3.808432881,3.863992397,1.848496352,3.255906217
cs 1,5/26/1945,2.829136536,1.001773915,3.873038571,1.633455596,1.594118672,3.226801552,6.309184917,5.090656971,2.286949096,4.276064018
cs 1,5/27/1945,2.282497638,0.753735307,2.783160049,1.483763842,1.479324504,2.709572412,3.102126012,3.741353219,1.796351067,3.575120972
cs 1,5/28/1945,0.945851457,1.515373541,-1.605512129,1.803261513,1.198628806,1.005906488,8.178333259,5.627303998,2.454786658,3.786843456
cs 1,5/29/1945,1.142240755,1.235379285,1.235541612,1.672095635,1.239870559,1.815486463,4.243824203,4.145145049,1.86762072,3.428586888
cs 1,5/30/1945,1.61258477,0.5695626,3.126443737,1.360342813,1.338642802,2.503239327,5.861862063,4.513285527,2.03445567,3.118483056
cs 1,5/31/1945,4.472252377,1.366880463,3.112798989,1.892772392,1.939172999,3.7536966,6.823956225,5.742270821,2.559191952,5.610599353
cs 1,6/1/1945,2.273012888,1.646326243,-1.270714955,1.930566422,1.477332706,1.673106806,5.058003294,4.827164279,2.132151876,4.523498448
cs 1,6/2/1945,1.267065399,0.904267932,-1.541596365,1.511990431,1.266083734,1.163031115,4.654015454,4.167883504,1.859289514,3.183225193
cs 1,6/3/1945,2.388920066,1.124629792,5.946320793,1.674551752,1.501673214,3.561726478,3.138192761,3.937774761,1.963870251,4.039173029
cs 1,6/4/1945,5.798638266,0.605671563,5.301004538,1.573012922,2.217714036,4.892521525,4.97985763,5.000868972,2.465409224,5.588740609
cs 1,6/5/1945,2.653761877,1.055299742,-1.023808973,1.652123544,1.557289994,1.902934767,8.616146671,5.899589442,2.576731829,4.330564525
cs 1,6/6/1945,2.249341174,1.562286335,3.44218391,1.887356897,1.472361646,2.862852053,7.358011964,5.601347549,2.467847728,4.547676039
cs 1,6/7/1945,4.205807151,0.281408784,3.629954473,1.336498737,1.883219502,3.76855542,6.84078338,5.219255826,2.37233875,4.381906747
cs 1,6/8/1945,1.927944979,0.435217358,3.985498002,1.307686169,1.404868446,2.860276702,7.533766044,5.106040908,2.273133503,3.247207039
cs 1,6/9/1945,-0.377480583,0.522145375,3.212161217,1.244081082,0.920729078,1.652445893,6.577409263,4.373198441,1.944619377,1.955470343
cs 1,6/10/1945,0.337017855,-0.043363123,3.379488008,0.99393774,1.07077375,2.008354615,6.527124253,4.239683438,1.907167093,1.80233533
cs 1,6/11/1945,2.72239773,1.267315035,2.514458046,1.761546714,1.571703523,2.834039493,5.421292643,4.872950741,2.186207172,4.432100784
cs 1,6/12/1945,3.835901155,1.179128206,3.134665436,1.769117809,1.805539243,3.480232018,3.678391806,4.424570745,2.090002099,4.924597252
cs 1,6/13/1945,3.90973768,0.587835948,3.65806415,1.476275781,1.821044913,3.645890351,6.397657184,5.141852167,2.33551294,4.494928303
cs 1,6/14/1945,2.161212918,0.409714924,-0.235979324,1.30575069,1.453854713,1.887575993,1.995079421,3.174178959,1.553762973,3.102230679
cs 1,6/15/1945,4.39098331,0.759333455,4.557632993,1.584576066,1.922106495,4.085983516,6.02267911,5.174735595,2.387542239,4.936805203
cs 1,6/16/1945,0.930470681,1.316586127,3.538024666,1.702941748,1.195398843,2.308947825,4.55479275,4.251585427,1.927295168,3.40967876
cs 1,6/17/1945,4.894246199,1.025121961,4.23136486,1.741145405,2.027791702,4.22357543,8.841341063,6.385997614,2.826302234,5.612792363
cs 1,6/18/1945,2.006533412,0.496511212,0.728192754,1.342051163,1.421372017,2.065274199,5.413532066,4.395868269,1.973798601,3.244256955
cs 1,6/19/1945,3.312496337,1.246200774,4.002990936,1.778396283,1.695624231,3.471841317,4.389085162,4.608138024,2.14283743,4.719768898
cs 1,6/20/1945,1.303985679,0.888543987,1.722174376,1.505827897,1.273836993,2.010329299,5.95136848,4.627975021,2.058224784,3.257371254
cs 1,6/21/1945,4.363204872,0.411833662,0.545864193,1.409165898,1.916273023,3.052218549,6.520390505,5.192683375,2.319956334,4.572204246
cs 1,6/22/1945,3.653616548,1.626797934,1.816011904,1.984955122,1.767259475,3.064511264,8.165380582,6.179312646,2.708368934,5.45867671
cs 1,6/23/1945,1.464929641,1.338568842,5.115367364,1.73879932,1.307635225,2.944967435,4.958871991,4.504751704,2.05748865,3.767341799
cs 1,6/24/1945,3.160535886,0.764386439,1.265435016,1.529913933,1.663712536,2.708098287,6.415414531,5.085668745,2.262374251,4.225919587
cs 1,6/25/1945,2.782633648,2.066221902,3.83898139,2.164648537,1.584353066,3.197738007,2.997258507,4.377125886,2.041243166,5.164582812
cs 1,6/26/1945,2.246716065,0.892854056,4.19594817,1.55180776,1.471810374,3.053644694,2.642740464,3.633122003,1.808752996,3.690392915
cs 1,6/27/1945,2.896709493,0.481270958,3.970974374,1.375792256,1.608308994,3.281370576,8.347995667,5.596679732,2.480203321,3.891343862
cs 1,6/28/1945,4.261686437,1.686129937,3.318171768,2.042948608,1.894954152,3.713663359,4.399264557,4.983777845,2.28932354,5.701868526
cs 1,6/29/1945,3.062654269,0.562740948,3.738014336,1.424327268,1.643157397,3.294812933,4.47244758,4.289251541,2.025534083,3.901399729
cs 1,6/30/1945,2.938832416,0.317496196,5.858763348,1.295688906,1.617154807,3.780560586,6.037594754,4.712900338,2.207510662,3.666480202
cs 1,7/1/1945,6.01223828,0.972251621,5.934117971,1.766620895,2.262570039,5.147403078,8.172122227,6.334831283,2.8730102,6.190251957
cs 1,7/2/1945,1.479502189,0.802566011,1.03747207,1.470906002,1.31069546,1.91293399,7.253921634,5.084878075,2.238151334,3.334765155
cs 1,7/3/1945,0.244314405,0.539041603,1.437291364,1.281449584,1.051306025,1.473130871,5.504451565,4.116648471,1.842469002,2.275819244
cs 1,7/4/1945,4.063564824,1.170249027,0.039048186,1.775251114,1.853348613,2.791770663,2.307224175,3.977024701,1.886767384,4.970463406
cs 1,7/5/1945,3.879689055,0.799940135,2.119987102,1.581156414,1.814734702,3.241047837,7.169440551,5.503545708,2.444452367,4.715168463
cs 1,7/6/1945,3.389193397,0.143405149,3.034426471,1.229392289,1.711730613,3.258830183,3.872375334,3.952559976,1.927504381,3.652494076
cs 1,7/7/1945,0.568363889,1.067775823,6.215668183,1.561440798,1.119356417,2.832021683,1.301902467,2.920267579,1.597573276,2.864427396
cs 1,7/8/1945,5.456549029,1.452323223,4.745484199,1.981336862,2.145875296,4.601057743,4.003881471,4.964281195,2.401994184,6.174342582
cs 1,7/9/1945,2.930374798,0.80887813,3.245105267,1.54150862,1.615378708,3.111292123,8.231790438,5.70635883,2.517530703,4.230042453
cs 1,7/10/1945,2.927322623,1.642410773,2.662721122,1.959018332,1.614737751,2.961651469,-0.005831489,3.152139727,1.687907698,4.723905445
cs 1,7/11/1945,2.527552799,1.249388284,2.453522633,1.743507464,1.530786088,2.733085183,6.323051953,5.148338826,2.285888783,4.343241632
cs 1,7/12/1945,1.862594665,1.46543839,3.428263802,1.82085321,1.39114488,2.689723375,4.986588887,4.645094311,2.09279161,4.115891014
cs 1,7/13/1945,1.641224142,0.543694377,2.614997042,1.348712451,1.34465707,2.385559059,5.579643285,4.407145839,1.990058977,3.094522561
cs 1,7/14/1945,3.18682507,1.739879431,5.466129502,2.019918442,1.669233265,3.78931957,5.960571221,5.359797796,2.42031283,5.210191077
cs 1,7/15/1945,3.068463515,1.522566778,6.236812964,1.905529602,1.644377338,3.933671513,4.806396558,4.832377127,2.261930975,4.886883296
cs 1,7/16/1945,4.648969735,1.468710398,3.610991993,1.952009733,1.976283644,3.958048458,5.198969039,5.244018621,2.397941313,5.747012296
cs 1,7/17/1945,4.04831842,0.879584184,8.624061238,1.628901301,1.850146868,4.971232136,8.794477537,6.146622556,2.791481661,5.001936603
cs 2,12/30/1944,1.962902322,1.576651314,3.313168717,2.093672845,1.268132457,2.824043029,4.441947064,4.976345911,2.221004011,5.075471122
cs 2,12/31/1944,1.100104096,1.175543865,1.331158098,1.743597028,1.150274219,1.782221819,4.919025927,4.715193025,2.085406405,4.190497663
cs 2,1/1/1945,5.471096462,1.09790592,3.514701356,2.572884399,1.747351777,3.47207851,6.068646457,7.051649403,3.076896952,7.012294131
cs 2,1/2/1945,5.079053595,1.097102097,6.38856209,2.495027597,1.693798721,4.722282791,5.527818979,6.639381012,2.946199801,6.72021682
cs 2,1/3/1945,3.973803962,1.282918138,2.146903119,2.359712512,1.542821621,2.610175546,4.739991337,5.869762218,2.572225446,6.061502665
cs 2,1/4/1945,3.002647801,2.087766474,4.034898978,2.527962459,1.41016169,3.318405673,8.058172141,7.218290704,3.145155438,6.749840009
cs 2,1/5/1945,4.402234318,0.781394499,4.304590084,2.219937264,1.601345208,3.663376687,4.599780196,5.8379073,2.588846448,5.832714287
cs 2,1/6/1945,0.638654475,1.725045706,2.717289549,1.898318632,1.087240201,2.342059659,5.139447771,4.784021742,2.126952571,4.490851794
cs 2,1/7/1945,2.661566308,1.583925975,3.73797565,2.235037078,1.363569958,3.128759398,8.268286363,7.023491339,3.060869732,6.066353448
cs 2,1/8/1945,6.748578057,0.780652001,3.81138853,2.68341823,1.921855763,3.810025031,3.699009294,6.409112393,2.819767308,7.153316247
cs 2,1/9/1945,2.132564989,1.912375391,2.412693128,2.277469746,1.291308377,2.439733519,5.588636871,5.671154157,2.486397887,5.663142098
cs 2,1/10/1945,2.186464968,0.535382694,5.313937204,1.67182862,1.298671115,3.77311885,7.392811157,6.115426859,2.699811094,4.616153382
cs 2,1/11/1945,4.513918123,0.598046028,3.252202499,2.159953717,1.616601216,3.200508153,1.703081013,4.504517326,2.082805587,5.334705847
cs 2,1/12/1945,1.459812237,1.209107091,1.529053401,1.829724077,1.199410352,1.929599396,6.362041458,5.536627491,2.423287586,4.655000477
cs 2,1/13/1945,2.833709807,1.379633761,2.58331894,2.177631178,1.38708476,2.62877216,3.394306917,4.803925205,2.148751352,5.267831649
cs 2,1/14/1945,3.993925193,0.740931368,4.77054849,2.121114854,1.545570181,3.811442889,4.548885459,5.631504889,2.518498235,5.54332877
cs 2,1/15/1945,3.064041554,1.647173439,2.384277727,2.342903782,1.418548076,2.574385489,5.325353393,5.86329578,2.568361713,5.942027458
cs 2,1/16/1945,1.926224791,1.228225139,4.724740285,1.930478734,1.263122306,3.462819244,8.74922366,6.830887354,2.983380612,5.32885485
cs 2,1/17/1945,0.883963715,0.622058163,5.795848114,1.45314984,1.120749444,3.786751075,3.262871956,3.703657371,1.948293156,3.48287008
cs 2,1/18/1945,0.630778752,1.444908833,2.887179399,1.77138192,1.086164378,2.418391051,3.868762279,4.116604932,1.883895644,4.049130068
cs 2,1/19/1945,3.550566457,0.400927499,1.108022797,1.881299615,1.485007378,2.068696502,8.206306439,7.020426691,3.054074101,5.432136366
cs 2,1/20/1945,0.319150008,-0.093705655,1.797770849,1.021148437,1.043595891,1.871527108,6.940475719,4.940525738,2.176616069,2.739479464
cs 2,1/21/1945,2.40015397,1.450655356,2.936460559,2.123714954,1.327861032,2.721319677,8.567274705,7.011635302,3.052863422,5.813023467
cs 2,1/22/1945,2.934571797,1.846336717,2.66459343,2.406449671,1.400862508,2.681871273,0.920977938,3.850783652,1.82413244,5.487452259
cs 2,1/23/1945,2.857760198,1.337758631,5.244235821,2.163643431,1.390370043,3.84768213,9.020654744,7.37795919,3.21806816,6.061393752
cs 2,1/24/1945,3.875056182,1.464612821,4.804492375,2.421513007,1.529332675,3.808103944,4.067077063,5.573600526,2.49701361,6.118905555
cs 2,1/25/1945,2.615810794,1.114058191,4.391863445,2.015695282,1.357319755,3.420103249,4.040712207,4.930534245,2.240329042,4.993200071
cs 2,1/26/1945,5.487302289,0.855445854,5.107451965,2.467570881,1.749565493,4.201970865,4.81406878,6.412772371,2.834516912,6.616677098
cs 2,1/27/1945,2.921170477,1.147906852,-0.047920715,2.091206756,1.399031887,1.441087344,2.662270693,4.437345992,1.972326952,4.967149567
cs 2,1/28/1945,5.015723049,0.738549676,8.725405606,2.322032685,1.685147769,5.779356985,6.948313754,7.157943468,3.207960411,6.567871486
cs 2,1/29/1945,-0.269457351,1.140923693,6.397060866,1.457374266,0.963192126,3.87848947,5.810199285,4.538794607,2.163009538,3.550937976
cs 2,1/30/1945,-1.337975823,1.300170762,-1.164166714,1.317428628,0.817232503,0.256334415,2.02165786,2.402777537,1.193409745,2.429830014
cs 2,1/31/1945,1.992979886,1.2174432,5.107954965,1.938848906,1.272241052,3.648392745,4.364670397,4.848069435,2.231662572,4.775665835
cs 2,2/1/1945,1.76404102,1.046928384,4.548709232,1.817276718,1.240968003,3.356731121,8.618663865,6.64984844,2.906238801,5.027800918
cs 2,2/2/1945,4.557336234,1.029324101,0.00861906,2.361562005,1.62253213,1.726218504,2.602618354,5.061285173,2.229114466,5.85537657
cs 2,2/3/1945,0.272545115,1.144100092,2.435832948,1.565936203,1.037229663,2.155509595,4.660582282,4.240603823,1.913302209,3.626767609
cs 2,2/4/1945,4.072861204,0.771185339,1.984767891,2.150259186,1.55635284,2.551836443,4.95508199,5.859483964,2.567162101,5.646292345
cs 2,2/5/1945,3.320896881,0.738422028,5.064680857,1.986950947,1.453634514,3.839090551,7.9641299,6.912357522,3.023817978,5.600079598
cs 2,2/6/1945,1.406356729,1.181845991,2.590949196,1.80695611,1.192108329,2.4060383,6.429568093,5.537125139,2.430286093,4.609807429
cs 2,2/7/1945,0.6651852,0.941026428,2.694104269,1.552662327,1.090864298,2.335676981,9.776808814,6.688270419,2.912352599,4.40145427
cs 2,2/8/1945,1.865501376,0.110450101,1.900588384,1.418196578,1.254827488,2.163556349,3.028339365,3.85758258,1.782185936,3.374744054
cs 2,2/9/1945,2.671086005,0.211021343,2.944720703,1.622452764,1.364870348,2.768031091,3.567308154,4.471710791,2.034823942,4.051562932
cs 2,2/10/1945,2.872813844,0.570606326,3.304005169,1.823267488,1.392426371,2.964068492,6.7485008,6.118551508,2.679979547,4.967325239
cs 2,2/11/1945,4.792913169,2.214884265,3.02403203,2.938746666,1.654711939,3.140532255,6.986755746,7.515736553,3.270927363,7.833509614
cs 2,2/12/1945,4.353727884,0.972268977,4.52190338,2.295777781,1.594719229,3.754924352,7.541710646,7.220710473,3.151099502,6.411370978
cs 2,2/13/1945,5.26084523,0.179636503,3.926848358,2.120336378,1.718631458,3.626961704,10.94766309,8.92783035,3.879844845,6.700281843
cs 2,2/14/1945,0.311698675,0.226328956,2.866629787,1.162912265,1.042578039,2.358436812,7.825078991,5.436450893,2.38745514,3.18487312
cs 2,2/15/1945,3.395502358,1.840029129,4.467210889,2.494741011,1.463825622,3.57808207,2.689915766,4.852189001,2.228265809,6.016279751
cs 2,2/16/1945,2.559748107,1.240589858,4.025879527,2.061244431,1.349661591,3.244092731,3.321394332,4.614821515,2.118808045,4.986384891
cs 2,2/17/1945,3.952875168,0.632427913,2.311003377,2.064437782,1.539962748,2.681794388,7.634170164,6.995143664,3.045947036,5.830048218
cs 2,2/18/1945,3.038329739,0.50821364,2.391912654,1.828060951,1.415035842,2.57379694,4.579813582,5.176610417,2.290732758,4.693715863
cs 2,2/19/1945,5.769665447,0.442935123,4.091552529,2.338761009,1.7881363,3.782815127,4.853985705,6.428291226,2.82609618,6.377413551
cs 2,2/20/1945,3.726962688,1.712538618,6.272594413,2.50320192,1.509103103,4.455036516,9.785368958,8.202669419,3.573134477,7.094027696
cs 2,2/21/1945,3.44879492,0.413489569,4.199496049,1.866804297,1.471105386,3.464277262,7.939029707,6.859057804,2.995537197,5.348927495
cs 2,2/22/1945,2.459563952,1.113457297,6.565145549,1.984540262,1.335976436,4.387761595,6.888480975,6.168804615,2.75041478,5.307350908
cs 2,2/23/1945,1.599969307,1.548427869,2.109357303,2.009298226,1.218555807,2.216806317,7.476701127,6.205453468,2.706721063,5.245336401
cs 2,2/24/1945,4.875947394,0.922649752,2.525008548,2.376799572,1.666054414,2.925814868,5.078758295,6.297354288,2.754404683,6.317490958
cs 2,2/25/1945,4.954753596,1.062210327,3.952711046,2.454840219,1.676819341,3.590259989,6.50539019,7.024630973,3.066911443,6.720760446
cs 2,2/26/1945,-0.110901483,0.254963173,6.986569624,1.092190534,0.984850857,4.172815743,5.960328061,4.413804169,2.1794322,2.845077663
cs 2,2/27/1945,1.673436417,0.602377568,2.364243238,1.600400409,1.228591415,2.344842726,6.305933071,5.422308645,2.382465964,4.182935389
cs 2,2/28/1945,3.17991883,1.728147799,1.974196513,2.402051222,1.434376912,2.4054885,5.293790655,5.921216899,2.590112626,6.087940373
cs 2,3/1/1945,3.641042864,1.355284765,3.590559356,2.326322871,1.497366455,3.216677449,8.007761058,7.247761834,3.15696441,6.412316157
cs 2,3/2/1945,2.762743082,0.714792954,3.908811372,1.866042365,1.377390705,3.22280622,6.182694453,5.855668827,2.57895007,4.965731333
cs 2,3/3/1945,2.512413124,0.384076996,0.909243035,1.66854103,1.343195633,1.813389688,4.568796366,4.914575842,2.167978505,4.231657401
cs 2,3/4/1945,5.374807149,0.462708401,1.34038681,2.269557288,1.734198657,2.463924779,10.34811351,8.784231718,3.816166306,6.961318565
cs 2,3/5/1945,3.045004063,1.033127032,5.095868332,2.064313947,1.415947555,3.809606528,3.048460942,4.63239253,2.184727455,5.08721538
cs 2,3/6/1945,1.429647833,1.027619632,2.910816507,1.742533625,1.195289894,2.555795934,9.241699193,6.789239898,2.956852107,4.886160971
cs 2,3/7/1945,1.477707272,0.25894597,0.466783349,1.40800119,1.201854813,1.447353683,2.038704498,3.285442807,1.547761696,3.139351616
cs 2,3/8/1945,3.280212544,0.931489991,3.044934393,2.065319427,1.448077034,2.910332502,3.665223833,4.983578309,2.229460913,5.144915853
cs 2,3/9/1945,3.635932789,0.939337676,4.750235214,2.139148755,1.496668419,3.745429439,0.991147262,3.910612237,1.989998899,5.141942948
cs 2,3/10/1945,-0.062615752,0.797484203,1.229860133,1.344549649,0.991446688,1.551687437,6.485565304,4.833898478,2.12747607,3.316105523
cs 2,3/11/1945,6.486720976,1.339685645,4.322635105,2.881860386,1.886086085,4.001982791,8.401407284,8.616686642,3.747050876,8.238336355
cs 2,3/12/1945,2.605486505,0.022940209,4.111175087,1.525306574,1.355909457,3.290291629,6.109256201,5.552893883,2.461969529,4.177967737
cs 2,3/13/1945,2.301408744,1.006936075,1.656131075,1.905601615,1.314372434,2.121011827,8.29573291,6.715566216,2.923354306,5.267069153
cs 2,3/14/1945,2.564207167,0.901635835,4.710900115,1.91042141,1.350270699,3.557611665,4.879268935,5.230470925,2.355678618,4.865629916
cs 2,3/15/1945,4.157323983,0.722294026,3.13286792,2.145073244,1.567890456,3.089498584,5.800127955,6.267479224,2.744222131,5.779256047
cs 2,3/16/1945,0.667401199,1.211869631,1.723388045,1.674320719,1.091167004,1.892754063,4.015086551,4.130515104,1.862282463,3.841111403
cs 2,3/17/1945,1.931805506,1.546972285,1.179954529,2.074242445,1.263884632,1.844989853,7.886079634,6.531622997,2.843468674,5.51065823
cs 2,3/18/1945,5.2730194,1.100123106,1.071719472,2.534721872,1.72029445,2.325106664,8.081333428,7.890831484,3.429668193,7.188021471
cs 2,3/19/1945,2.839218298,0.05015779,0.370369982,1.583691162,1.38783722,1.619109881,4.292656781,4.827094606,2.130019908,4.062023714
cs 2,3/20/1945,2.163650215,1.019069334,3.284426316,1.883800651,1.295554619,2.842734025,7.773658223,6.422311753,2.80430291,5.119550499
cs 2,3/21/1945,5.16917979,0.422810346,2.743635582,2.211052886,1.706109959,3.072123916,2.355109704,5.026372192,2.256415621,5.629920511
cs 2,3/22/1945,4.550883527,0.067298318,0.371806736,1.929715955,1.62165069,1.891044194,7.304750124,6.929077965,3.014621062,5.590088669
cs 2,3/23/1945,1.619685957,1.596367019,2.949123522,2.034651671,1.221249102,2.603407439,3.285405555,4.308649199,1.964924554,4.729553426
cs 2,3/24/1945,3.221897408,1.55207116,4.112939879,2.331543329,1.440111186,3.388791184,8.890806513,7.534140903,3.280051734,6.478978801
cs 2,3/25/1945,4.899540383,1.651866342,2.069300267,2.70783623,1.669277216,2.721456498,11.13251764,9.293384455,4.036924492,7.966810281
cs 2,3/26/1945,4.926505481,0.989512792,3.550981751,2.416719294,1.672960649,3.402334744,4.257929899,5.962343988,2.628268131,6.305542973
cs 2,3/27/1945,2.093863781,0.693643232,5.033064109,1.724355803,1.286021793,3.630182978,4.230002615,4.674861952,2.174803394,4.310815108
cs 2,3/28/1945,2.622070042,1.098236009,3.569554932,2.0098511,1.358174768,3.045590993,7.366910657,6.451544705,2.819275331,5.425702687
cs 2,3/29/1945,3.313669579,1.209315364,5.856311359,2.196278373,1.452647265,4.199440377,4.174432597,5.312370467,2.438943864,5.57130874
cs 2,3/30/1945,2.031464127,0.694795081,5.453070923,1.712536486,1.277498,3.812088013,5.496286362,5.228853287,2.373668034,4.433812609
cs 2,3/31/1945,2.520689167,0.85604711,8.739011026,1.881415007,1.34432614,5.390137177,6.305582325,5.851927389,2.757375786,5.11128924
cs 2,4/1/1945,2.181201741,1.501746481,6.14594714,2.103300268,1.297952158,4.152219084,5.54214683,5.54965386,2.512397853,5.337958273
cs 2,4/2/1945,1.428793024,1.284517686,1.013078879,1.857343613,1.195173127,1.689065287,5.275848534,5.048412683,2.218781075,4.550887884
cs 2,4/3/1945,4.537338327,0.609230473,4.691635958,2.169589086,1.619800415,3.861532166,3.812761886,5.483624773,2.468801903,5.651972724
cs 2,4/4/1945,2.504289976,0.678162644,4.033719839,1.798558171,1.342086011,3.238883539,5.679110739,5.505948569,2.441670138,4.701581509
cs 2,4/5/1945,2.383600017,1.271632172,2.184936772,2.040317873,1.325599762,2.375515398,6.194972681,5.86585883,2.566208802,5.271214836
cs 2,4/6/1945,4.07067812,0.917955,5.470755755,2.215516828,1.556054631,4.143354468,6.677204841,6.690219699,2.941140041,6.063645665
cs 2,4/7/1945,2.468863999,0.941714792,1.859853847,1.909512456,1.337246822,2.240580741,3.430624341,4.538943172,2.032615412,4.60755856
cs 2,4/8/1945,0.018181547,1.554354176,5.027984479,1.699270892,1.002483599,3.298892868,4.59204932,4.223060049,1.995853026,3.934467387
cs 2,4/9/1945,2.600479351,0.786456879,4.503880992,1.866041268,1.355225479,3.468825818,5.579992517,5.532705341,2.462103829,4.861422051
cs 2,4/10/1945,2.238217544,0.182391559,5.540933859,1.524071799,1.305740517,3.884978226,4.752387012,4.824425642,2.250105721,3.979714276
cs 2,4/11/1945,2.669051438,-0.416763561,4.900464074,1.341075089,1.364592426,3.660791924,5.660742879,5.245031187,2.368152924,3.74213068
cs 2,4/12/1945,-0.011339959,1.246113195,1.730935405,1.555476895,0.998450962,1.788628279,5.92679787,4.731314273,2.090398719,3.715659465
cs 2,4/13/1945,0.712208036,0.751948453,4.093862888,1.477332595,1.097287618,2.98232435,2.140249507,3.15574919,1.673944523,3.305532557
cs 2,4/14/1945,1.9793436,1.574800882,5.023819444,2.096094682,1.270378336,3.607811371,5.992543229,5.692699106,2.529097555,5.317927503
cs 2,4/15/1945,4.470605352,1.104896711,4.989689614,2.378241254,1.610684691,3.987060944,5.103171905,6.19209208,2.739390581,6.271995435
cs 2,4/16/1945,2.516181127,0.999416173,2.960796904,1.94469107,1.343710342,2.750821683,2.266745649,4.042803654,1.889159443,4.572528614
cs 2,4/17/1945,0.378880265,1.105109503,4.663382991,1.569505113,1.051755044,3.189565271,6.978386825,5.33504009,2.372215116,3.995282455
cs 2,4/18/1945,0.745108034,0.570466784,8.907020018,1.402610984,1.101781758,5.185449766,6.850014831,5.27279565,2.57705907,3.850650417
cs 2,4/19/1945,2.18267186,1.185683098,1.163853088,1.962131492,1.298152976,1.877396467,3.385409155,4.469889425,1.993639241,4.657247841
cs 2,4/20/1945,2.631903074,0.803666986,3.76957202,1.879955617,1.35951796,3.138486505,8.882239943,7.063002973,3.077698664,5.363951793
cs 2,4/21/1945,1.603367421,0.74507848,0.76871033,1.650417674,1.21901999,1.605143183,6.874566347,5.695211827,2.486858519,4.356936029
cs 2,4/22/1945,2.591048347,1.14953681,-0.092133582,2.026679409,1.353937204,1.368577332,6.164931155,5.903229953,2.574055387,5.268733624
cs 2,4/23/1945,3.876947805,1.910176496,3.698933879,2.621306307,1.52959107,3.30355437,8.975705586,7.952873982,3.458873668,7.257133234
cs 2,4/24/1945,2.921971285,0.841565265,4.385574744,1.954256824,1.399141278,3.465754269,6.855731004,6.267848484,2.751582295,5.289546566
cs 2,4/25/1945,4.803760681,1.700691356,4.681017247,2.710755427,1.656193709,3.898907888,6.429982824,7.114318701,3.10891447,7.252795363
cs 2,4/26/1945,3.957069771,1.289380203,0.356296436,2.359296787,1.540535731,1.789849176,9.407789758,8.001981397,3.476907811,6.752427194
cs 2,4/27/1945,5.929414941,1.029134318,3.156688937,2.632702597,1.809958081,3.381231339,4.290496473,6.409436843,2.808932119,6.968696064
cs 2,4/28/1945,2.702376851,-0.115231003,3.293404328,1.482618559,1.369144678,2.932215454,5.523018225,5.284506944,2.344309836,4.010949469
cs 2,4/29/1945,5.690951422,0.375965273,4.686248576,2.29322776,1.777383964,4.041905751,6.581641414,7.166690865,3.133347092,6.514326615
cs 2,4/30/1945,2.111917823,0.405125174,4.528374117,1.598793617,1.288487975,3.402579427,7.220380925,5.966954935,2.628372694,4.408053992
cs 2,5/1/1945,2.176122217,1.708381338,5.441037412,2.194779013,1.297258295,3.829519509,5.079071934,5.396178106,2.43338816,5.460533984
cs 2,5/2/1945,4.030774626,0.846431693,4.159809255,2.175617473,1.550603814,3.538391168,7.571635729,7.062030779,3.081685007,6.08764555
cs 2,5/3/1945,3.796941991,0.333168682,3.545473718,1.899675299,1.518662276,3.220797377,6.677968075,6.404025177,2.802696196,5.298794729
cs 2,5/4/1945,3.934122045,1.348873901,2.838583056,2.381387983,1.537401071,2.919739637,7.425804707,7.102301879,3.093053441,6.500515532
cs 2,5/5/1945,2.941618883,2.203828729,2.843753248,2.567844151,1.401825139,2.764800847,4.434768576,5.567668706,2.451420257,6.292696598
cs 2,5/6/1945,0.162686165,0.378067734,2.991046154,1.201369425,1.02222293,2.391634426,5.52195017,4.363954605,1.969778924,2.928416158
cs 2,5/7/1945,1.871061708,1.525886283,3.884655852,2.052797533,1.255587029,3.07045498,6.519910498,5.87440325,2.581919943,5.261662488
cs 2,5/8/1945,2.626541566,0.749970644,5.543328567,1.854863098,1.358785578,3.947616419,1.292324877,3.569637183,1.964763403,4.460235644
cs 2,5/9/1945,4.936435819,0.941047332,5.759216951,2.396990756,1.674317133,4.41229137,8.90869187,8.081810421,3.521645094,6.951472032
cs 2,5/10/1945,6.747742231,1.452628365,3.18378971,2.984007117,1.921741589,3.523301783,9.448804243,9.238904464,4.014162901,8.671776433
cs 2,5/11/1945,6.088553202,0.41436603,3.697375731,2.389010548,1.831696367,3.653355538,6.011451815,7.08360938,3.092760127,6.711625246
cs 2,5/12/1945,2.924462114,0.771591826,3.186439093,1.923431432,1.399481525,2.918567985,6.849623786,6.245544326,2.731812475,5.212760823
cs 2,5/13/1945,2.119170067,1.173182383,2.824358923,1.94398388,1.289478631,2.625596313,4.949272047,5.155667171,2.282973495,4.836774258
cs 2,5/14/1945,3.774097967,1.067724921,5.365379496,2.223922373,1.515541782,4.048230407,4.397351535,5.565924169,2.510832437,5.723771996
cs 2,5/15/1945,3.314073082,0.192807995,4.044094663,1.741403491,1.452702383,3.371961988,6.386978517,6.027079753,2.652162274,4.821869797
cs 2,5/16/1945,4.788479552,1.794393883,2.411701047,2.749672843,1.654106307,2.860210804,8.280291158,7.982670401,3.470327834,7.606467139
cs 2,5/17/1945,2.190834149,1.552279541,4.853064195,2.127821258,1.299267945,3.563355284,5.153927884,5.390773655,2.413837735,5.312515786
cs 2,5/18/1945,3.465921428,1.006569366,3.622470806,2.135632426,1.473444867,3.203495072,6.78539667,6.512198229,2.847132921,5.776260402
cs 2,5/19/1945,3.693368602,1.001867265,5.862311096,2.178488523,1.504514151,4.262357836,7.864331097,7.100224394,3.110157951,6.084525486
cs 2,5/20/1945,0.097028108,1.203764164,1.570964271,1.557944535,1.01325404,1.732753054,7.327221878,5.405557195,2.365583433,3.941353526
cs 2,5/21/1945,2.448328378,1.491331407,3.164318145,2.151443064,1.334441656,2.833005098,7.003124885,6.327574535,2.76461806,5.652163542
cs 2,5/22/1945,4.292441668,1.28152696,2.989922072,2.422076547,1.586347532,3.045637387,3.39456103,5.386906817,2.389937724,6.075960424
cs 2,5/23/1945,4.392497261,0.617609806,3.669866948,2.14470795,1.600015126,3.371989408,3.041623241,5.072253959,2.289194264,5.451222321
cs 2,5/24/1945,0.690904696,0.764682165,3.433278334,1.478820642,1.094377581,2.67729443,6.273240533,5.043011529,2.239221663,3.739766924
cs 2,5/25/1945,5.760992554,2.147390049,3.780012686,3.099903519,1.786951583,3.639177012,5.445134343,7.195957999,3.139582983,8.144364302
cs 2,5/26/1945,3.948226102,0.845717918,2.763296115,2.158980239,1.539327686,2.887595445,4.552654047,5.644845071,2.486347275,5.59052293
cs 2,5/27/1945,5.127078029,0.889363584,2.80705428,2.411544023,1.700358859,3.09441122,7.877993774,7.674624591,3.338768241,6.857882153
cs 2,5/28/1945,3.269845795,1.059804619,2.788071672,2.12069951,1.446660936,2.791394046,4.34804752,5.329577243,2.357750719,5.353424458
cs 2,5/29/1945,1.752778913,0.466558658,-1.458291265,1.555296436,1.2394296,0.611870702,3.790123338,4.263722771,1.888581603,3.721161204
cs 2,5/30/1945,3.440914193,1.326798574,7.204614908,2.274012989,1.470028879,4.835305151,4.513364163,5.55542698,2.590912826,5.855347329
cs 2,5/31/1945,1.196598391,1.094809731,3.373549559,1.726537635,1.16345534,2.730165827,9.826201102,6.978889041,3.038723953,4.895594015
cs 2,6/1/1945,3.712790175,1.943799622,3.311835035,2.603905048,1.507167138,3.100770055,8.10187631,7.493796724,3.261165367,7.05576523
cs 2,6/2/1945,1.813908104,0.735980925,3.54032978,1.687964524,1.247779847,2.904161544,4.616700714,4.746970317,2.139775752,4.185466431
cs 2,6/3/1945,2.669863495,0.78379913,1.185981,1.878567254,1.364703353,1.964715079,-0.237283847,2.897346453,1.47962461,4.139974131
cs 2,6/4/1945,3.519602136,0.24619218,4.180441342,1.8059244,1.480777652,3.466798084,3.239961468,4.687954976,2.164534778,4.596374289
cs 2,6/5/1945,1.258985325,0.688317937,1.893454021,1.556937857,1.171977395,2.064173014,5.635351385,4.966708796,2.192179242,3.91217853
cs 2,6/6/1945,4.43639602,0.45510247,1.529360038,2.080652794,1.606011696,2.401491927,4.516749348,5.718376537,2.507090266,5.493646362
cs 2,6/7/1945,1.100654503,0.216353388,2.973318444,1.314404306,1.150349405,2.532195761,7.698507467,5.706392844,2.501777284,3.648293596
cs 2,6/8/1945,3.013260632,0.493705299,2.472636423,1.81661197,1.411611402,2.606686013,9.38612156,7.362597405,3.202646635,5.367281468
cs 2,6/9/1945,2.406245604,0.796277926,5.639106026,1.832041702,1.328693149,3.956438612,4.866146785,5.127280316,2.353348744,4.692174014
cs 2,6/10/1945,2.631832859,0.753200065,4.024480598,1.857354434,1.359508369,3.254878476,4.273368201,4.937794401,2.231145929,4.669852703
cs 2,6/11/1945,3.455568361,0.427391294,3.456914199,1.874365183,1.472030638,3.126253398,7.503937731,6.666756935,2.910618773,5.299642283
cs 2,6/12/1945,3.656467687,1.154440452,2.722915007,2.239480785,1.499473486,2.822915377,7.247776685,6.847249771,2.983893973,6.106811389
cs 2,6/13/1945,3.063950682,0.674137064,5.399803472,1.907387335,1.418535663,3.951400243,7.482405167,6.565155594,2.884830216,5.310516428
cs 2,6/14/1945,0.159605339,1.230574511,3.665126197,1.582313896,1.021802089,2.698962418,7.06735968,5.320683577,2.348628301,3.982960337
cs 2,6/15/1945,5.06782521,0.529330635,1.783751671,2.238692541,1.692264924,2.617732851,6.388566612,6.862037927,2.989204269,6.237721851
cs 2,6/16/1945,1.898549464,0.650986401,1.409060941,1.666655295,1.259341857,1.944339805,5.613719788,5.214023404,2.290800792,4.266137908
cs 2,6/17/1945,0.894035554,1.428339404,2.588279928,1.816005262,1.122125257,2.323622682,2.95960894,3.805835809,1.772664853,4.077398252
cs 2,6/18/1945,0.759990353,1.096095129,3.739037879,1.640806482,1.103814682,2.827867685,8.957925711,6.398611933,2.793745159,4.496081902
cs 2,6/19/1945,3.765290706,0.716235203,2.966682318,2.064866376,1.51433871,2.951477988,6.162360728,6.267173644,2.741676572,5.580669234
cs 2,6/20/1945,1.185739652,1.600340754,3.91713742,1.950649885,1.161972036,2.976672321,7.268123656,5.951499231,2.610817403,5.016452114
cs 2,6/21/1945,2.247812848,0.833081812,3.893396812,1.817195708,1.307051235,3.134157005,5.780686219,5.490414015,2.431399233,4.707776093
cs 2,6/22/1945,4.039450096,0.296118433,1.842684877,1.931030617,1.551788883,2.481659481,5.189080706,5.813085716,2.546951069,5.187802784
cs 2,6/23/1945,5.176751058,0.579451692,3.952541198,2.282656954,1.707144194,3.62536634,6.429971537,6.941393262,3.032724221,6.369214197
cs 2,6/24/1945,1.22523212,0.636138636,0.616377296,1.526911989,1.167366708,1.475650973,7.900325052,5.974338278,2.604004768,4.164442073
cs 2,6/25/1945,4.771315977,1.532816862,4.831743834,2.629206924,1.651761762,3.962594557,3.860851884,5.875027398,2.617885005,6.709898073
cs 2,6/26/1945,4.726353388,1.102188277,1.267045145,2.42758402,1.645619873,2.327661494,6.258036225,6.82733857,2.972744171,6.573115532
cs 2,6/27/1945,3.424559123,0.664736322,4.320115417,1.974463118,1.467794776,3.515516589,5.075555773,5.611533802,2.494900691,5.179127741
cs 2,6/28/1945,0.939353605,0.528291882,3.630934669,1.422132385,1.128315702,2.806929641,5.73336908,4.830559103,2.164145865,3.591075958
cs 2,6/29/1945,2.970877543,1.250645554,5.683147284,2.147014997,1.405821872,4.066037226,9.353492542,7.552208715,3.294102285,6.096582552
cs 2,6/30/1945,5.220152891,0.740441374,0.049396175,2.363289996,1.713072885,1.849887647,6.297431736,6.946188965,3.022051611,6.526804011
cs 2,7/1/1945,3.8280081,1.445679774,1.176288244,2.403738984,1.522905907,2.14384082,4.055191002,5.542868745,2.430602811,6.028062233
cs 2,7/2/1945,3.103541615,0.872645623,7.170754501,2.00405925,1.423943785,4.766373446,3.601324485,4.862953736,2.401489654,5.13772957
cs 2,7/3/1945,1.292022116,0.309763008,2.984385229,1.394039898,1.176490221,2.567578819,6.063774334,5.065545559,2.244880684,3.628657623
cs 2,7/4/1945,2.130431175,0.973322852,3.557996363,1.856759488,1.291016899,2.962394003,3.269392407,4.332487565,2.000495452,4.446281507
cs 2,7/5/1945,2.595281407,0.312534586,4.717601144,1.652902024,1.35451544,3.565596557,7.836971818,6.424776306,2.817683162,4.705697989
cs 2,7/6/1945,4.253065909,1.451045541,3.959312809,2.490163785,1.580968803,3.482065655,3.442489904,5.442131787,2.430269355,6.23992629
cs 2,7/7/1945,4.358312637,1.286349531,5.438190165,2.437256006,1.595345506,4.174070096,9.085157083,8.021611549,3.493735647,6.95828617
cs 2,7/8/1945,2.276730884,-0.482143916,2.637136116,1.234261103,1.311001439,2.565073164,4.009483728,4.305223758,1.962829849,3.181462115
cs 2,7/9/1945,2.739421018,1.213287476,3.964875124,2.084541626,1.374204911,3.244711268,4.258521492,5.111244656,2.293324806,5.183224709
cs 2,7/10/1945,2.235568459,0.74717957,3.813246261,1.776328334,1.305378651,3.095615952,9.354660895,7.096536217,3.09151441,5.130510175
cs 2,7/11/1945,2.451172577,1.915975583,3.735529855,2.342061798,1.334830174,3.094297674,5.587136289,5.805124145,2.554934115,5.874281321
cs 2,7/12/1945,6.822105546,1.364873803,1.429588324,2.959430876,1.931899618,2.734037616,7.589824014,8.393103542,3.647363483,8.348133959
cs 2,7/13/1945,2.124555176,0.803943065,4.086642141,1.779789232,1.290214237,3.202866951,3.74370337,4.497456633,2.075638209,4.348862106
cs 2,7/14/1945,1.905754846,1.343398632,3.897465387,1.977980136,1.260326112,3.081802852,7.331066583,6.20677196,2.718021024,5.218969005
cs 2,7/15/1945,3.867903972,0.394820973,3.207577322,1.941296202,1.528355683,3.0777448,6.013554342,6.14766095,2.694554565,5.305907353
cs 2,7/16/1945,2.684337945,1.156617936,6.660921407,2.048289696,1.366680563,4.467121259,7.980361863,6.77569587,2.98601749,5.636288334
cs 2,7/17/1945,2.185092106,2.493087231,5.779344031,2.547760205,1.298483582,3.985427648,9.302710207,7.564380318,3.298142243,6.832417641
