"week","sales","Base","cross_section","DISPLAY","PRINT","SEARCH","TV","DISPLAY_neg","PRINT_neg","SEARCH_neg","TV_neg"
1944-12-30,148.696325599088,5.52727253223351,"cs 1",0.0791337415669647,20.3665044642205,6.4929776325032,116.230437228564,0,0,0,0
1944-12-31,19.1828171455575,4.36668041302075,"cs 1",0.714837849450887,2.6674111221983,0,11.4616521210336,0,0,-0.027764360146055,0
1945-01-01,27.7735412807055,4.60840091012142,"cs 1",0.712150781689284,12.4428381139837,2.39196533843327,7.61818613647787,0,0,0,0
1945-01-02,437.104179190222,7.84180222338295,"cs 1",1.25018859111959,123.651503279466,6.09097793031584,298.269707165938,0,0,0,0
1945-01-03,73.9739779472834,3.85197762673257,"cs 1",0.701739468098571,9.31070538386318,11.1635082488883,48.9460472197008,0,0,0,0
1945-01-04,263.647791946698,3.83518010271942,"cs 1",0.0890634221690645,4.49010393117861,11.4030322728336,243.830412217797,0,0,0,0
1945-01-05,144.158070163176,6.00729417651629,"cs 1",0.353824335927498,47.555692999126,8.43773807134071,81.8035205802652,0,0,0,0
1945-01-06,246.105339591921,5.54156948894107,"cs 1",0.518738129803305,20.9917441811592,3.85355526191645,215.199732530101,0,0,0,0
1945-01-07,34.4143067563733,5.13834692222929,"cs 1",0.0327255180006163,8.02832380245997,1.27557448403361,19.9393360296498,0,0,0,0
1945-01-08,304.827027871418,5.05591247018964,"cs 1",0.0634705372416029,26.4478548777852,15.9325820527534,257.327207933448,0,0,0,0
1945-01-09,96.8028105046505,4.77363869461719,"cs 1",1.0166304301734,18.3157156809032,8.24050488357029,64.4563208153864,0,0,0,0
1945-01-10,42.4626321228389,4.94476010652263,"cs 1",0.668643155857718,17.0135236865934,3.25516726150708,16.5805379123582,0,0,0,0
1945-01-11,121.106446862396,4.34266711776572,"cs 1",0.350901091147233,3.81974303721404,3.37877710272286,109.214358513546,0,0,0,0
1945-01-12,92.3469556728407,5.06623068029744,"cs 1",0.138367226195596,10.3614721521464,3.99354990703954,72.7873357071617,0,0,0,0
1945-01-13,35.6762771035621,3.507556454303,"cs 1",0.129716825773834,7.49518336435931,10.0662631281029,14.477557331023,0,0,0,0
1945-01-14,61.3874972765213,4.58540744563441,"cs 1",0.472315831408927,44.0566058857097,4.77093826170281,7.50222985206548,0,0,0,0
1945-01-15,196.889589848287,6.39015913634379,"cs 1",2.61872649774494,65.2230039669463,2.67116302528838,119.986537221964,0,0,0,0
1945-01-16,31.3096569589266,4.19381622872574,"cs 1",0.753260446444468,12.6452577896209,4.98144907278435,8.73587342135115,0,0,0,0
1945-01-17,102.901324553789,3.71569401539804,"cs 1",0.20169140839055,56.8825467079671,20.9253697449155,21.1760226771174,0,0,0,0
1945-01-18,541.215172594141,7.66222323065138,"cs 1",0.289866567964402,165.459489641806,24.0339656181394,343.769627535579,0,0,0,0
1945-01-19,11.149824044285,3.54522700030528,"cs 1",0.1433583387299,6.40798478634611,1.09396325748252,0,0,0,0,-0.376210997577176
1945-01-20,215.730181260195,4.96475830142938,"cs 1",1.03605328405211,25.634280943787,12.3276456290775,171.767443101849,0,0,0,0
1945-01-21,680.930538035981,4.26134903538959,"cs 1",0.414515498544434,9.4440105449895,10.2003371656338,656.610325791424,0,0,0,0
1945-01-22,11.420970167605,3.66609789527385,"cs 1",0.257192938882964,2.04415286632518,3.05948412969265,2.39404233743033,0,0,0,0
1945-01-23,68.4973223004674,3.74925933015368,"cs 1",0.274465055718179,17.9530460616956,15.1228850454955,31.3976668074044,0,0,0,0
1945-01-24,69.4920195250551,4.25149740599105,"cs 1",0.216987450620215,8.47881013391976,8.084213726645,48.4605108078791,0,0,0,0
1945-01-25,125.633715685776,4.56727330875881,"cs 1",0.416126116838792,26.2016429577461,14.8414640944218,79.6072092080106,0,0,0,0
1945-01-26,89.867058722534,4.86964078926165,"cs 1",0.654624158985446,12.236178206554,5.19634192983095,66.910273637902,0,0,0,0
1945-01-27,103.525388588895,4.69960543624017,"cs 1",0.885086896085738,9.15400032716779,4.10879980012218,84.6778961292788,0,0,0,0
1945-01-28,47.4219758126623,4.54178480013234,"cs 1",0.284586638452504,4.80592869859071,3.07361565978243,34.7160600157044,0,0,0,0
1945-01-29,112.238009352111,5.16473139153686,"cs 1",1.03608596421574,17.4226915331678,4.79908386484088,83.81541659835,0,0,0,0
1945-01-30,85.1627603336624,4.99509290885954,"cs 1",3.21719620080894,20.5220726652581,2.88290253005241,53.5454960286833,0,0,0,0
1945-01-31,71.7909369669538,3.87240756835668,"cs 1",0.341810806903028,21.3469633904407,14.9464007164416,31.2833544848117,0,0,0,0
1945-02-01,277.508101679012,4.73945641340174,"cs 1",0.244975669633731,27.7031655472529,18.6959009672121,226.124603081512,0,0,0,0
1945-02-02,66.4910555095768,4.27272338716761,"cs 1",0.343577092407895,9.29419899949934,7.98943478662238,44.5911212438796,0,0,0,0
1945-02-03,300.599935275153,7.18662014079806,"cs 1",2.08476997498662,114.184835503817,1.71980352874006,175.423906126812,0,0,0,0
1945-02-04,193.218090012473,6.74506251396841,"cs 1",0.665875577193782,93.2906751863259,6.8844211363434,85.632055598642,0,0,0,0
1945-02-05,66.5031374334986,4.31707631943748,"cs 1",0.984915828726763,3.46866317621533,1.53424952490871,56.1982325842103,0,0,0,0
1945-02-06,29.5177818698826,4.26230761188324,"cs 1",0.646208689281227,7.94763859213313,4.30968170205061,12.3519452745344,0,0,0,0
1945-02-07,56.0564937395976,4.50047070836826,"cs 1",0.157831342062314,29.2351643062651,7.89418186502962,14.2688455178723,0,0,0,0
1945-02-08,39.0977567021946,3.94687496776925,"cs 1",0.0632513579123327,13.915225211154,8.66325308919727,12.5091520761617,0,0,0,0
1945-02-09,84.4341471614886,4.16818447560437,"cs 1",0.902260549756442,6.95591363586519,6.97135716853835,65.4364313317243,0,0,0,0
1945-02-10,157.147678873364,4.44741192064056,"cs 1",1.21409596042649,28.1246697826288,16.9215353077655,106.439965901902,0,0,0,0
1945-02-11,135.446397547769,4.47398577468238,"cs 1",0.366194157031358,6.94808392236375,5.76539142617767,117.892742267513,0,0,0,0
1945-02-12,66.7711925983155,3.59352135591894,"cs 1",0.388180102345777,0,0.30934659201289,62.4970109808184,0,-0.160023112289467,0,0
1945-02-13,83.7745253637464,6.01141426726358,"cs 1",0.247211928676336,35.712730971144,2.4474234457727,39.3557447508898,0,0,0,0
1945-02-14,55.908124081086,3.71326919381439,"cs 1",0.29242585017319,41.0576134833971,8.06550140319848,2.77931415050279,0,0,0,0
1945-02-15,52.8760718206126,3.92535508935422,"cs 1",0.0675657618528121,11.011640415169,10.5153336970605,27.356176857176,0,0,0,0
1945-02-16,35.2308744422407,4.73881766609417,"cs 1",0.720623423219245,17.5456385777412,2.83318717742952,9.39260759775654,0,0,0,0
1945-02-17,327.219487392297,5.26364536908691,"cs 1",1.95192945059698,25.4794391310012,2.8092481174709,291.715225324141,0,0,0,0
1945-02-18,29.2778202409742,3.41398195223149,"cs 1",0.0575171160772161,8.13780281691847,9.49318247415373,8.17533588159327,0,0,0,0
1945-02-19,32.5823585133183,4.36347759751393,"cs 1",0.637174035965708,5.78768621761972,3.52694623649038,18.2670744257286,0,0,0,0
1945-02-20,220.174403394477,5.92874407372606,"cs 1",1.14148774366468,34.8504960168956,5.21608320403761,173.037592356153,0,0,0,0
1945-02-21,7.0251076995564,2.97312105612157,"cs 1",0.358303481643506,0,1.2208404706132,2.52111721732128,0,-0.573574843336349,0,0
1945-02-22,71.5423940667169,4.99361044018929,"cs 1",1.41805673040378,14.8992814641538,3.52097321323981,46.7104722187302,0,0,0,0
1945-02-23,51.5821968671866,4.90711004930496,"cs 1",0.632115477187636,29.79626804411,3.94212388958431,12.3045794069997,0,0,0,0
1945-02-24,104.455449925107,4.28128050837007,"cs 1",0.305580018883564,30.274322899231,16.7409356032505,52.8533308953723,0,0,0,0
1945-02-25,581.635330237503,5.03604671949197,"cs 1",0.344807022017007,15.7804428125549,2.83101111874424,557.643022564695,0,0,0,0
1945-02-26,308.221098280054,4.65510180133794,"cs 1",0.446045849383257,36.9688377849024,23.986463474406,242.164649370024,0,0,0,0
1945-02-27,191.734304323487,6.744778041918,"cs 1",0.490746437778588,126.187620265506,1.1070527772898,57.2041068009939,0,0,0,0
1945-02-28,151.701375112957,6.41974254682775,"cs 1",1.16248278221645,85.6080669683336,3.15302037642758,55.3580624391515,0,0,0,0
1945-03-01,131.13086263586,4.35629661385597,"cs 1",1.00392596959665,6.75736024715573,4.98939757273503,114.023882232517,0,0,0,0
1945-03-02,342.893156309318,5.75153785658648,"cs 1",2.54725123488873,66.8507021500346,0,267.765166637981,0,0,-0.0215015701723226,0
1945-03-03,96.3862115815656,4.65336305103757,"cs 1",2.11705732422694,15.0886563708593,6.16927052110225,68.3578643143395,0,0,0,0
1945-03-04,151.643376052258,5.7928495021633,"cs 1",0.0897999351325615,71.2171996493795,12.28879143546,62.2547355301226,0,0,0,0
1945-03-05,53.0177069419638,3.96996465183034,"cs 1",0.778444839341904,2.41021004583823,4.03550879887134,41.8235786060819,0,0,0,0
1945-03-06,773.88625699191,5.45899645783322,"cs 1",0.485208477856718,86.6739994680393,39.5285797551369,641.739472833044,0,0,0,0
1945-03-07,69.6154124449484,3.87774813567447,"cs 1",0.14486521987667,32.2558583609317,14.6817645959558,18.6551761325098,0,0,0,0
1945-03-08,62.8528559666083,5.01837787573755,"cs 1",0.168560511147474,27.8817578470265,6.51878858680061,23.2653711458962,0,0,0,0
1945-03-09,19.7159865567854,2.73753326294441,"cs 1",0.16894492549805,15.7048194217462,1.18415581262974,0,0,0,0,-0.918449384386548
1945-03-10,124.395389659081,4.52660042068709,"cs 1",1.28129677619295,7.52412314095817,2.93543025172262,108.12793906952,0,0,0,0
1945-03-11,119.633369284896,5.05595052205516,"cs 1",0.932212203236044,19.6641903322385,7.2617191523505,86.7192970750157,0,0,0,0
1945-03-12,104.604964890843,5.11360308367959,"cs 1",0.59739259667616,68.1942191700711,8.11337316174034,22.5863768786756,0,0,0,0
1945-03-13,133.317802445952,4.03344127332017,"cs 1",0.819552923207548,2.35102442322674,0.882609746907503,125.23117407929,0,0,0,0
1945-03-14,10.219755563257,4.13485245626531,"cs 1",0.324805566977452,2.63883861553176,1.277108623236,1.84415030124648,0,0,0,0
1945-03-15,55.4322037503866,4.45708266128441,"cs 1",1.11086040474019,5.59973609743766,2.72549419121317,41.5390303957112,0,0,0,0
1945-03-16,120.050498968782,5.56978640584312,"cs 1",2.28561154947684,31.3925988746605,3.60842481209914,77.1940773267025,0,0,0,0
1945-03-17,212.926583949187,6.30148511410356,"cs 1",0.455824329543614,41.8233959362151,6.41845214821108,157.927426421113,0,0,0,0
1945-03-18,13.0703832227739,4.19861679974669,"cs 1",0.406161136248552,6.95697620465564,0.896818841859893,0.611810240263091,0,0,0,0
1945-03-19,153.716880484605,4.12611698894161,"cs 1",2.52378320611578,9.2396696560986,7.44550437127116,130.381806262178,0,0,0,0
1945-03-20,106.501910398215,4.55848039592846,"cs 1",0.39845681925352,13.8721724314429,9.4609561606067,78.2118445909829,0,0,0,0
1945-03-21,28.0576606041633,4.89186353922456,"cs 1",0.75301551516774,14.7435442572725,0.0696590677546023,7.59957822474382,0,0,0,0
1945-03-22,5.10362058762989,2.13140248113117,"cs 1",0.216340722410459,0,1.32464153551889,1.497715944489,0,-1.11534501698555,0,0
1945-03-23,53.0841866131486,4.81606072419174,"cs 1",1.39292916372892,17.038456467077,4.32010440387819,25.5166358542727,0,0,0,0
1945-03-24,40.5333359735144,3.83277129354867,"cs 1",1.32672936695184,5.37375919027813,6.243869786875,23.7562063358607,0,0,0,0
1945-03-25,87.3848245994028,5.60746840872053,"cs 1",0.862927226666364,43.7527856883794,4.59874796984653,32.56289530579,0,0,0,0
1945-03-26,257.184035997968,5.14530368919245,"cs 1",0.42291054551973,76.3902622555792,27.0098290097543,148.215730497922,0,0,0,0
1945-03-27,54.9580135114223,5.14360383718737,"cs 1",0.287063406971694,11.7601252330723,2.86348135525199,34.903739678939,0,0,0,0
1945-03-28,332.586622512049,5.97289487218718,"cs 1",0.956934093828802,73.7867539516796,20.0297592261833,231.84028036817,0,0,0,0
1945-03-29,19.1512309321091,3.41566235492761,"cs 1",0.111245910426376,2.20053804535118,6.04960260501972,7.37418201638417,0,0,0,0
1945-03-30,85.1685878800765,4.35004363444754,"cs 1",0.175377498221074,13.9229612010461,10.7154426814178,56.004762864944,0,0,0,0
1945-03-31,39.9339784610156,4.10006039162182,"cs 1",0.03759616938414,12.1290593092757,7.95949940264877,15.7077631880852,0,0,0,0
1945-04-01,8.11055547999986,2.87327952309007,"cs 1",0.0834332319074739,4.21577030581418,1.02339831037987,0,0,0,0,-0.844788854137386
1945-04-02,32.1113191026374,4.62398026054221,"cs 1",0.712241740884429,15.4105882159915,2.95321474232045,8.41129414289884,0,0,0,0
1945-04-03,97.0012467971847,4.47451726665078,"cs 1",0.203891518533333,54.1314301956412,13.772018868354,24.4193889480054,0,0,0,0
1945-04-04,57.9302645606268,5.20566547988399,"cs 1",0.559048719122275,28.92756360818,3.91763778861218,19.3203489648284,0,0,0,0
1945-04-05,55.4554983731798,4.27161039649806,"cs 1",0.278646729341444,8.58180351517177,7.2002673218901,35.1231704102785,0,0,0,0
1945-04-06,104.784344585297,5.07001443852423,"cs 1",0.775158959403069,63.4127100708799,9.21974811718485,26.3067129993051,0,0,0,0
1945-04-07,140.447173675805,5.50392891934454,"cs 1",3.70870402278671,42.0573364959013,0.550159939783344,88.6270442979891,0,0,0,0
1945-04-08,80.2842086345229,3.88778686614342,"cs 1",0.0332694035053544,21.5839343378047,16.4565849510677,38.3226330760017,0,0,0,0
1945-04-09,94.5870444657447,5.29477052137387,"cs 1",1.24179230222611,40.9156591157483,7.42793245484497,39.7068900715515,0,0,0,0
1945-04-10,324.153522680042,5.15047947221188,"cs 1",0.0977295169905154,12.9550520556513,5.07614437700922,300.874117258179,0,0,0,0
1945-04-11,125.402704380629,4.38618730800396,"cs 1",0.0467804001623754,22.9561046338312,16.2039294480729,81.8097025905584,0,0,0,0
1945-04-12,32.6547011638822,4.09452452015986,"cs 1",0.248899936066171,3.68054426119621,4.50782732903695,20.1229051174231,0,0,0,0
1945-04-13,276.483346087462,4.18750000445844,"cs 1",1.89335171127313,9.55272645263195,7.70666765688123,253.143100262217,0,0,0,0
1945-04-14,102.155425099326,4.81008761240167,"cs 1",0.773045306202823,19.8224391060797,9.09793870637248,67.6519143682695,0,0,0,0
1945-04-15,28.2579197376841,2.9260209764287,"cs 1",0.0698053860106118,0,1.67368062982617,23.6722505483773,0,-0.741285888218463,0,0
1945-04-16,23.1490455560043,4.04897197080606,"cs 1",0.404960854980837,5.91194296038997,4.31886349373721,8.46430627609027,0,0,0,0
1945-04-17,105.018165084566,5.49965413571172,"cs 1",1.83868518729356,35.6880056405803,5.57559315025165,56.4162269707288,0,0,0,0
1945-04-18,71.440101618597,4.4956933098215,"cs 1",1.03523144759815,18.6307734696535,8.88753479776066,38.3908685937632,0,0,0,0
1945-04-19,90.4948417641256,4.65065981288337,"cs 1",0.421011569141616,31.4571616137854,12.2776176805497,41.6883910877656,0,0,0,0
1945-04-20,333.835132553709,7.30052796477703,"cs 1",0.0750491889506607,74.1059494825509,8.7764573664165,243.577148551014,0,0,0,0
1945-04-21,12.6101853686547,4.05981756093673,"cs 1",1.01148228218128,0.974972896383109,0.534853769163217,6.02905885999032,0,0,0,0
1945-04-22,24.9993991605153,4.17275563238094,"cs 1",0.258057748477359,10.1067277330847,4.35060322743334,6.11125481913889,0,0,0,0
1945-04-23,177.221598421881,6.25192044550525,"cs 1",0.189297342034663,98.0120063563677,10.0948233831522,62.6735508948217,0,0,0,0
1945-04-24,21.7111865948602,4.37979125052897,"cs 1",0.436412836982721,2.8315916297612,1.66963495874538,12.3937559188419,0,0,0,0
1945-04-25,69.9862619548205,5.28211143305739,"cs 1",0.140737064005018,14.1197886462213,3.77518169502183,46.6684431165149,0,0,0,0
1945-04-26,64.8276643995458,4.72698823228001,"cs 1",1.72638732047504,22.1390282253923,6.34260798013839,29.89265264126,0,0,0,0
1945-04-27,71.0481646925666,4.98620663818188,"cs 1",0.170162755431939,43.3573622177882,6.29780622122841,16.2366268599362,0,0,0,0
1945-04-28,55.1165378724121,4.31271443834856,"cs 1",0.9163599628317,27.5316436805368,8.08558870153264,14.2702310891624,0,0,0,0
1945-04-29,163.638407780532,4.24072867058818,"cs 1",0.0968946392361035,30.4366381843476,22.0656725133379,106.798473773022,0,0,0,0
1945-04-30,145.463421444697,4.08590906063834,"cs 1",1.66600077860499,7.55328482084833,7.61005638065949,124.548170403946,0,0,0,0
1945-05-01,121.714086739098,4.52357514630205,"cs 1",0.678059106806954,10.5362486334019,7.44748506377876,98.5287187888087,0,0,0,0
1945-05-02,32.5882501970121,4.45746876632802,"cs 1",0.377981812875747,17.5779914865969,3.80720114822925,6.36760698298227,0,0,0,0
1945-05-03,234.915669136009,5.46507941960548,"cs 1",3.05427401567383,32.3779442473799,4.26930531110899,189.749066142241,0,0,0,0
1945-05-04,188.481074251753,6.39580727114032,"cs 1",0.31863167364068,45.4259005476275,6.57220740049207,129.768527358853,0,0,0,0
1945-05-05,51.2826696236029,4.27568762783732,"cs 1",0.217154527934339,8.33643020919463,6.92102617179542,31.5323710868412,0,0,0,0
1945-05-06,506.598348705758,4.20162801192122,"cs 1",1.24516762909901,8.18724641541294,4.91225528210759,488.052051367217,0,0,0,0
1945-05-07,68.5571237428049,4.70433566414284,"cs 1",0.215694564978793,8.91611531019531,5.18382827251111,49.5371499309768,0,0,0,0
1945-05-08,840.896714745626,7.30994392500497,"cs 1",0.234591032854342,80.5593460055842,12.687244092879,740.105589689304,0,0,0,0
1945-05-09,101.205615353825,4.6345293476863,"cs 1",0.251678667803015,37.5988101275182,14.3148397226178,44.4057574881998,0,0,0,0
1945-05-10,55.1441757671839,4.36185962389192,"cs 1",0,25.5845003440357,9.16877376229328,16.0783497941878,-0.0493077572248816,0,0,0
1945-05-11,67.9495109250336,4.68481977902021,"cs 1",0.794619100804276,7.92926526049538,3.398488116922,51.1423186677917,0,0,0,0
1945-05-12,21.6106574182086,3.93811865077628,"cs 1",1.47257409808636,3.49703055667823,2.82387427525704,9.87905983741071,0,0,0,0
1945-05-13,305.943053512089,4.32713234139144,"cs 1",0.000743655075703328,97.9601562200261,44.6121991249984,159.042822170598,0,0,0,0
1945-05-14,71.3679961024878,4.15050858560926,"cs 1",0.507734644153701,12.5772166273798,10.3293872378837,43.8031490074614,0,0,0,0
1945-05-15,14.2784426237145,3.93301360984967,"cs 1",0.421914099857169,5.55286920809025,2.5960505073494,1.77459519856805,0,0,0,0
1945-05-16,40.0005709595174,3.90727391263787,"cs 1",0.281194649135116,8.27777328940098,8.07358246606072,19.4607466422828,0,0,0,0
1945-05-17,63.0867726894522,4.30513103480575,"cs 1",0.0786444787543973,32.9880747342506,10.2273146312942,15.4876078103473,0,0,0,0
1945-05-18,130.561589157817,4.55197405484753,"cs 1",1.08968843269668,15.109230739212,9.45125492590011,100.359441005161,0,0,0,0
1945-05-19,70.1754650338662,4.12599150596758,"cs 1",0.616762565199365,3.78775741383986,4.76997540064288,56.8749781482165,0,0,0,0
1945-05-20,35.4801664568903,3.69602269407506,"cs 1",0.897304991565138,2.19213766225486,5.13933273229554,23.5553683766997,0,0,0,0
1945-05-21,304.251925036112,5.50103891140887,"cs 1",0.149441218280616,79.8368528719554,27.109705865828,191.654886168639,0,0,0,0
1945-05-22,103.014999722434,5.05905736941297,"cs 1",0.393383543960368,30.4625590285956,10.4576471478292,56.6423526326359,0,0,0,0
1945-05-23,65.665336991207,5.55444569146732,"cs 1",0,12.9122715288175,1.67382871947826,45.6068789723401,-0.0820879208962098,0,0,0
1945-05-24,59.8240129079412,3.45293558757902,"cs 1",0.323633534276179,18.5071097897242,16.4669647943153,21.0733692020465,0,0,0,0
1945-05-25,25.9431139755117,4.53989520518072,"cs 1",0.795134413943261,6.10461632130474,1.96007729065545,12.5433907444275,0,0,0,0
1945-05-26,71.9566617751479,4.77481787727975,"cs 1",0.611912679290623,17.8282158579448,7.40698729158517,41.3347280690476,0,0,0,0
1945-05-27,35.6989391265173,4.93342162999853,"cs 1",0.486224021151844,8.44070739598598,1.63564702727941,20.2029390521015,0,0,0,0
1945-05-28,44.1169232497255,3.87942990709324,"cs 1",0,26.2605808156663,8.40785109820141,5.62072582710294,-0.0516643983383399,0,0,0
1945-05-29,30.833041409332,4.74126648254784,"cs 1",0.109878310642432,16.7006280357789,2.65747154412403,6.62379703623875,0,0,0,0
1945-05-30,22.6120523962921,4.10765176793091,"cs 1",0.310248096900321,4.79176304091509,3.89373687059904,9.5086526199468,0,0,0,0
1945-05-31,273.307996893026,5.88602036681125,"cs 1",0.483107740530036,51.4845010125113,14.9738261454339,200.480541627739,0,0,0,0
1945-06-01,92.1574426924724,5.67126477186151,"cs 1",0,48.6375230084723,6.19232032635314,31.7437919590925,-0.0874573733071039,0,0,0
1945-06-02,24.1244341734562,4.58360695596041,"cs 1",0,9.56502207073173,3.02191719385592,7.05572907941773,-0.101841126509561,0,0,0
1945-06-03,56.7793684938066,5.05865868625104,"cs 1",2.22595826440438,19.5414053476027,1.77383999237719,28.1795062031713,0,0,0,0
1945-06-04,267.398648117836,4.43637481291551,"cs 1",1.25728146594189,8.68410190863898,3.78069330489809,249.240196625442,0,0,0,0
1945-06-05,75.9871711211247,4.18646523909378,"cs 1",0,20.2693937103403,13.3558288910595,38.2055613710963,-0.0300780904651641,0,0,0
1945-06-06,94.4127416359261,4.82642463150085,"cs 1",0.399755183351222,45.1764477157584,11.6245591444969,32.3855549608187,0,0,0,0
1945-06-07,79.9904095609887,3.90635078342471,"cs 1",0.358054717588551,2.36042228108664,5.55938505068961,67.8061967281992,0,0,0,0
1945-06-08,25.718409000509,3.72221090028393,"cs 1",0.346608564458545,3.42757197751944,5.65090331141571,12.5711142468313,0,0,0,0
1945-06-09,7.06724227003814,2.82970999851246,"cs 1",0.106463778287975,2.0370463231051,2.12796322110854,0,0,0,0,-0.540607230636739
1945-06-10,6.0637918971567,3.21620293947389,"cs 1",0.150833098742932,0,2.04719240107706,0.656506245050146,0,-0.115327819118957,0,0
1945-06-11,84.1079240247575,5.38280204791697,"cs 1",0.353113717584546,29.1135845267048,6.54649757216409,42.711926160387,0,0,0,0
1945-06-12,137.633898701407,5.88864788589431,"cs 1",0.743690694909516,28.8049737307985,3.45600880596141,98.7405775838432,0,0,0,0
1945-06-13,89.561747446339,4.36964432337561,"cs 1",0.475801131360949,7.23664849576908,6.37580656054906,71.1038469352843,0,0,0,0
1945-06-14,22.2475230540087,4.7515773642878,"cs 1",0,2.93215129992974,0.710743330111904,13.8718998257288,-0.018848766049474,0,0,0
1945-06-15,139.324424525462,4.70210283242198,"cs 1",0.902409031310613,12.3092204281178,6.64864853119239,114.762043702419,0,0,0,0
1945-06-16,30.25552341378,4.51587681374131,"cs 1",0.420569286744426,17.733548440164,2.73475922778767,4.85076964534265,0,0,0,0
1945-06-17,273.908021753077,4.5767179909811,"cs 1",0.534950410978549,27.3529117951546,19.4666000934727,221.97684146249,0,0,0,0
1945-06-18,25.642649337241,4.27763722828462,"cs 1",0.0440349115068699,4.12212462865708,3.65642365910441,13.542428909688,0,0,0,0
1945-06-19,112.142333355399,5.7081671278009,"cs 1",1.0681943285045,30.9462319852808,4.62122625069278,69.7985136631201,0,0,0,0
1945-06-20,25.9811494522683,4.25437669657689,"cs 1",0.124476254129984,9.57361215923136,4.445638445384,7.58304589694611,0,0,0,0
1945-06-21,96.7571514525113,4.22924970811784,"cs 1",0.0223386307511829,4.12559260953551,6.23041888026709,82.1495516238397,0,0,0,0
1945-06-22,234.786528042915,5.52606344540115,"cs 1",0.147928137289842,75.9734629966578,22.2768624210155,130.862211042551,0,0,0,0
1945-06-23,43.2649050308895,4.71441382082744,"cs 1",0.947714703627534,22.7186414322736,3.7796085698688,11.1045265042921,0,0,0,0
1945-06-24,68.4374087721328,4.59393882190276,"cs 1",0.0862533034543795,10.7637305092915,7.11785979695622,45.8756263405279,0,0,0,0
1945-06-25,174.964450274683,6.56556647319003,"cs 1",1.36852679245384,102.474109073083,2.75112744232125,61.8051204936343,0,0,0,0
1945-06-26,40.0605842698396,4.97895936463577,"cs 1",1.09523310654685,11.4950796439131,1.24792730499394,21.2433848497499,0,0,0,0
1945-06-27,48.9766601909847,3.74409934339702,"cs 1",0.348347099645065,4.77468556309452,8.28091939758871,31.8286087872594,0,0,0,0
1945-06-28,299.426364532667,7.16197480641767,"cs 1",0.961819985679214,85.3509551185854,7.17461011605548,198.77700450593,0,0,0,0
1945-06-29,49.471647564461,4.56203014114342,"cs 1",0.651458319254242,5.82839149046573,2.92624225540356,35.5035253581941,0,0,0,0
1945-06-30,39.113989941036,3.90851315776793,"cs 1",1.10729452942065,2.45717311979122,3.80514186114022,27.835867272916,0,0,0,0
1945-07-01,487.969037941928,4.70217209425242,"cs 1",1.38584247840855,26.2847075134886,16.497592974995,439.098722880783,0,0,0,0
1945-07-02,28.0717899301242,3.96852910796773,"cs 1",0.0490618591453546,8.50756657472865,6.23464708753658,9.31198530074587,0,0,0,0
1945-07-03,9.73589181723369,3.7673196459561,"cs 1",0.0705186186134606,2.92318065162806,2.33527360678572,0.639599294250349,0,0,0,0
1945-07-04,144.093645761613,6.27871178841733,"cs 1",0.00421127341974456,27.5292566320108,1.68125368892242,108.600212378843,0,0,0,0
1945-07-05,111.627614712671,4.56568365423258,"cs 1",0.167714850615363,13.2521267919324,9.77980866911645,83.8622807467739,0,0,0,0
1945-07-06,38.5707445539757,4.09759084841485,"cs 1",0.371759434402681,0.866983512576224,1.64730756881537,31.5871031897665,0,0,0,0
1945-07-07,17.5390074229273,4.27153176534461,"cs 1",1.33106253684574,9.57882024013234,0.256288285942097,2.10130459466251,0,0,0,0
1945-07-08,480.267183821148,6.52715897906871,"cs 1",1.98336289439634,64.4179039451077,5.19713953179093,402.141618470784,0,0,0,0
1945-07-09,68.7201494884279,4.09657655940572,"cs 1",0.279601352727486,12.1402081043397,10.7227494115769,41.481014060378,0,0,0,0
1945-07-10,112.607176147214,6.0214471366881,"cs 1",0.974937600299237,50.1579501959859,0,55.4540578224938,0,0,-0.0012166082535258,0
1945-07-11,76.9566004165383,5.01004900011487,"cs 1",0.274885953578631,27.4555374202955,8.26169529996406,35.9544327425853,0,0,0,0
1945-07-12,61.3068151646627,5.12586079411008,"cs 1",0.551199436093171,31.9305260156312,4.71288380473344,18.9863451140948,0,0,0,0
1945-07-13,22.0766957454358,4.16291088502112,"cs 1",0.245524339526549,4.45603873066976,3.58487577757446,9.62734601264393,0,0,0,0
1945-07-14,183.129046599709,6.02917332769005,"cs 1",1.83621864061372,77.4368439234515,10.6048900721069,87.2219206358469,0,0,0,0
1945-07-15,132.539842190007,5.74115542754155,"cs 1",2.71846691594167,50.2153605618841,5.69679706302343,68.1680622216161,0,0,0,0
1945-07-16,313.253352489552,6.6026754106223,"cs 1",0.922393204163208,61.7890258668138,9.21420394066193,234.725054067291,0,0,0,0
1945-07-17,148.700854958147,4.07501629917706,"cs 1",3.04644140028998,17.6421690333282,13.611139620869,110.326088604483,0,0,0,0
1944-12-30,160.047576154594,12.7839858441413,"cs 2",5.93350145652994,61.8483680056501,42.2579846365569,37.2237362117154,0,0,0,0
1944-12-31,66.0556562378657,8.48757589593862,"cs 2",0.832426255357949,20.7883673608317,26.641751650519,9.30553507521837,0,0,0,0
1945-01-01,1110.1985264813,21.8941745096017,"cs 2",7.88590140894724,90.712184041498,267.943926100226,721.762340421026,0,0,0,0
1945-01-02,828.997235177451,19.8809211748965,"cs 2",38.8415107800934,78.6624518111954,175.267792039193,516.344559372073,0,0,0,0
1945-01-03,429.019625513772,18.8951985594587,"cs 2",3.52819160853011,78.4496952777761,99.0764214329166,229.070118635091,0,0,0,0
1945-01-04,853.922131740815,14.5320770945842,"cs 2",7.27262090167732,269.300270021747,387.330124430355,175.487039292452,0,0,0,0
1945-01-05,341.28376511625,15.0716538154062,"cs 2",11.5112362327853,28.3700447723914,69.3453611804734,216.985469115193,0,0,0,0
1945-01-06,89.1973913318783,8.53235457974676,"cs 2",2.40393619788213,43.3332205531723,29.7678631365792,5.16001686449787,0,0,0,0
1945-01-07,431.105762227553,9.86699387442478,"cs 2",4.15947301575623,96.1233683234629,233.950675684541,87.0052513293677,0,0,0,0
1945-01-08,1278.33821896234,21.4020794092905,"cs 2",12.9569907013999,46.1509473856138,75.307763907647,1122.52043755838,0,0,0,0
1945-01-09,288.052310694982,13.8418408760496,"cs 2",3.21499702788548,121.642371156443,93.1343087539707,56.2187928806333,0,0,0,0
1945-01-10,101.104373273513,6.00092621313291,"cs 2",5.65595124528939,7.11004880724457,58.9488150906004,23.3886319172455,0,0,0,0
1945-01-11,207.411729051471,13.5266890828268,"cs 2",8.84203731498397,13.9749153595747,7.82500952141142,163.243077772675,0,0,0,0
1945-01-12,105.10927013601,7.88242187812161,"cs 2",0.826507029801444,26.6674947301707,53.8136808087626,15.9191656891531,0,0,0,0
1945-01-13,193.994857115884,16.0632582667096,"cs 2",5.29812369595283,58.8947141081356,32.3972709291679,81.3414901159177,0,0,0,0
1945-01-14,255.527176516246,13.4325865222477,"cs 2",13.452324766118,22.6007458907196,55.9388479934966,150.102671343664,0,0,0,0
1945-01-15,380.706013056103,17.0646745852208,"cs 2",3.82986993536398,115.228651998524,113.920926130085,130.66189040691,0,0,0,0
1945-01-16,206.20170701668,6.39224003097628,"cs 2",4.20313925780699,35.3190574140818,131.1434347834,29.1438355304151,0,0,0,0
1945-01-17,32.5530178941878,6.51650140420876,"cs 2",10.1305599280104,5.35270252018997,6.06430989792216,4.48894414385657,0,0,0,0
1945-01-18,57.3475468732193,8.83002400361151,"cs 2",3.06478838043472,26.3393514384735,14.7021223196858,4.41126073101373,0,0,0,0
1945-01-19,228.6371767292,6.94237735881372,"cs 2",0.313427548729719,7.49391127210382,131.315357874832,82.5721026747209,0,0,0,0
1945-01-20,15.478925660861,3.62741470214143,"cs 2",0.304097795672788,0,10.9796551503791,0.586850097100364,0,-0.238517359580768,0,0
1945-01-21,334.629338494617,8.22192681746292,"cs 2",2.07095035614341,67.1993595252389,197.64625166722,59.4908501285514,0,0,0,0
1945-01-22,241.640783816058,19.0718259319929,"cs 2",10.064609775638,111.684531724405,4.29920750644512,96.5206088775765,0,0,0,0
1945-01-23,428.972902243731,8.23716795114484,"cs 2",7.20230246149585,66.1455001809779,256.930900944692,90.4570307054203,0,0,0,0
1945-01-24,454.367142430305,20.2200151132987,"cs 2",22.588028417546,104.987321154437,73.3256038794885,233.246173865535,0,0,0,0
1945-01-25,147.407383634404,12.5400093868599,"cs 2",11.114780944847,33.4896531838671,33.906913620607,56.3560264982234,0,0,0,0
1945-01-26,747.457238792669,19.1720553495863,"cs 2",21.0871988550111,46.9222053799865,115.519547048309,544.756232159776,0,0,0,0
1945-01-27,143.616932929676,15.5269569287133,"cs 2",0,36.9403399430644,18.4983239192448,72.6889876364766,-0.0376754978227997,0,0,0
1945-01-28,711.853040275306,13.1221612214707,"cs 2",66.4425044557894,34.5885744072263,209.282920301282,388.416879889537,0,0,0,0
1945-01-29,34.8459868630356,4.58714395881034,"cs 2",7.24845933459911,10.2539317002813,12.8755649869125,0,0,0,0,-0.453856648368618
1945-01-30,11.3569513931717,0.196527766105205,"cs 2",2.57907778510209,6.624852787662,1.44196440619371,0,0,0,0,-0.7882695743112
1945-01-31,118.589249211849,10.7069200705093,"cs 2",13.0312764839212,32.7616124285521,31.0578405415644,31.0315996873022,0,0,0,0
1945-02-01,152.597069978365,5.83978829981087,"cs 2",3.4162177651931,22.3804267473545,100.091368326758,20.8692688392491,0,0,0,0
1945-02-02,349.106338278392,19.003853250928,"cs 2",0.00700661377169312,46.0174861911496,26.4672588168382,257.610733405704,0,0,0,0
1945-02-03,37.5911108544385,6.92933650560591,"cs 2",1.57818686984177,13.2729054961403,14.5317666797013,1.27891530314921,0,0,0,0
1945-02-04,283.239362772018,14.0546492980363,"cs 2",2.18432097478752,25.436953612789,75.0033567574497,166.560082128955,0,0,0,0
1945-02-05,270.447933684043,8.00574194035619,"cs 2",6.67462888913793,19.791994257448,147.451534566689,88.5240340304118,0,0,0,0
1945-02-06,100.464801166247,7.58514893085911,"cs 2",1.79664728346388,24.7120517087927,51.8593593692889,14.5115938738421,0,0,0,0
1945-02-07,81.5694063917802,4.10592067331354,"cs 2",0.583531861812316,10.8730218393251,62.6785435626824,3.32838845464691,0,0,0,0
1945-02-08,29.216804899834,7.54289524434848,"cs 2",1.38042086892896,0.744358087207337,7.34613026253925,12.20300043681,0,0,0,0
1945-02-09,57.4872355083219,8.53875531053709,"cs 2",3.21287013958572,2.0937972948903,14.0199109553133,29.6219018079955,0,0,0,0
1945-02-10,143.642164619704,7.81806541921096,"cs 2",2.72728969741434,10.2124765469621,73.403853431284,49.4804795248324,0,0,0,0
1945-02-11,2523.77131157622,34.4019562568567,"cs 2",8.34503163693815,674.226259189011,752.455608570537,1054.34245592288,0,0,0,0
1945-02-12,608.727661478322,12.8403070957647,"cs 2",8.05353486539862,50.8718135689316,262.526432640395,274.435573307833,0,0,0,0
1945-02-13,812.634828332479,6.31427421034653,"cs 2",1.78497439112334,4.89095650472015,465.320523894304,334.324099331986,0,0,0,0
1945-02-14,24.1642222548129,3.88852220973374,"cs 2",0.633318384425402,0.915590883642765,17.9971240465676,0.729666730443416,0,0,0,0
1945-02-15,410.050265514669,21.4989880925169,"cs 2",25.2084356227781,156.068882622639,31.1111939447897,176.162765231946,0,0,0,0
1945-02-16,146.406191309729,13.7061846080715,"cs 2",10.9134446431697,40.9399836210206,24.2796840789909,56.5668943584763,0,0,0,0
1945-02-17,340.375090882205,9.35004528615772,"cs 2",1.44137178715181,18.3113443726474,167.070542934309,144.201786501939,0,0,0,0
1945-02-18,109.258415745029,10.0242428854948,"cs 2",2.37202296535028,8.51620644538478,34.292451966843,54.0534914819561,0,0,0,0
1945-02-19,588.403861253936,15.3102064957654,"cs 2",9.1639329057518,14.6852047910655,88.6946087339128,460.549908327441,0,0,0,0
1945-02-20,1204.75041019282,11.5756158181074,"cs 2",15.8636657664137,201.839694793541,680.535542535012,294.935891279743,0,0,0,0
1945-02-21,210.382540498764,7.0195487316366,"cs 2",3.54212135891265,7.54726688002716,116.488595003959,75.785008524229,0,0,0,0
1945-02-22,201.814893405804,8.7036640620276,"cs 2",17.2445341858268,33.8872519846547,92.6310917368913,49.3483514364033,0,0,0,0
1945-02-23,189.679612909579,8.00919280660629,"cs 2",1.25833612260106,54.9128382080229,101.679917891594,23.8193278807542,0,0,0,0
1945-02-24,554.180783764673,18.1151795945212,"cs 2",3.98772352073145,47.5289756166765,119.32253215434,365.226372878404,0,0,0,0
1945-02-25,829.448022147078,18.1135865844993,"cs 2",8.58199029045942,73.2638692309647,255.695966227992,473.792609813163,0,0,0,0
1945-02-26,17.2028946454536,3.76962963779772,"cs 2",5.72470391242889,0.87886523582787,6.85589400680524,0,0,0,0,-0.169315214911214
1945-02-27,65.5580093089774,6.48818781550292,"cs 2",1.26425084345654,7.0837065388206,36.9764095608194,13.745454550378,0,0,0,0
1945-02-28,440.513183315541,18.4672610067142,"cs 2",2.98314395820236,139.008661804109,125.744118285056,154.30999826146,0,0,0,0
1945-03-01,609.303290073847,12.3346935234642,"cs 2",4.62324310705887,91.6280332763008,303.001714701289,197.715605465735,0,0,0,0
1945-03-02,143.413394878828,8.75818453198339,"cs 2",4.6752451643,14.6651271479651,65.5094099254734,49.805428109106,0,0,0,0
1945-03-03,68.8312186176984,8.58752526379688,"cs 2",0.476539030186839,4.62854504052709,25.4171570696589,29.7214522135287,0,0,0,0
1945-03-04,1055.02375790728,8.26162537850297,"cs 2",0.31951026739244,18.8825537260609,562.809346516459,464.750722018861,0,0,0,0
1945-03-05,161.938297006139,13.3331691093939,"cs 2",19.4481584361785,31.4737863925263,20.2920266972987,77.3911563707419,0,0,0,0
1945-03-06,132.44413991673,5.04220423573265,"cs 2",1.03347472932698,18.6264236238786,94.5925013382238,13.1495359895683,0,0,0,0
1945-03-07,23.0888915365171,8.32014087976707,"cs 2",0.273207652752786,1.8246960149692,3.87301002798586,8.79783696104222,0,0,0,0
1945-03-08,171.557048052749,13.9491050740473,"cs 2",5.90554773844485,27.7201012236902,32.7503070482473,91.2319869683194,0,0,0,0
1945-03-09,171.047782620763,13.2893414206867,"cs 2",22.9537446805139,26.5217122881605,3.13791750533401,105.145066726068,0,0,0,0
1945-03-10,27.5528374490079,4.76644260034314,"cs 2",0.304202937422135,5.45803675387342,17.0504413704823,0,0,0,0,-0.108041376304314
1945-03-11,3783.24109966085,27.4015170560321,"cs 2",10.9181706630852,241.588391305734,1202.23713367585,2301.09588696015,0,0,0,0
1945-03-12,65.2331475011886,6.03517546530427,"cs 2",3.27269989171785,0.181060748318213,31.9137923758732,23.8304190199751,0,0,0,0
1945-03-13,193.846993193301,6.85367842558435,"cs 2",0.649539244979911,25.6126101443537,122.390327098902,38.3408382794811,0,0,0,0
1945-03-14,129.752646142514,10.3936086651337,"cs 2",9.83714878806565,21.1777762767179,41.6660135124275,46.6780989001694,0,0,0,0
1945-03-15,323.518418368903,12.8502837421432,"cs 2",4.21691110651409,23.7918183929223,105.415124329839,177.244280797484,0,0,0,0
1945-03-16,46.577211736826,8.40562563044521,"cs 2",1.25559722440776,17.9271260095577,14.6862281661286,4.30263470628676,0,0,0,0
1945-03-17,247.313862906923,8.31490481283449,"cs 2",0.532970366185805,64.3356910300013,137.653921794799,36.4763749031027,0,0,0,0
1945-03-18,1323.48206581353,16.9780098439115,"cs 2",0.580108187998844,95.2002558142506,527.671312019386,683.052379947982,0,0,0,0
1945-03-19,58.0917532985809,7.86192290806823,"cs 2",0.135723701119186,0.430966485299322,19.296601609587,30.3665385945072,0,0,0,0
1945-03-20,167.260169107743,7.13302004936979,"cs 2",2.31358343298659,24.6926989409651,99.9686816077345,33.1521850766872,0,0,0,0
1945-03-21,278.639967940312,13.46790513705,"cs 2",5.39418218309021,9.49520457997618,14.421290726604,235.861385313591,0,0,0,0
1945-03-22,267.759360615837,8.0276924046209,"cs 2",0.0781703227980135,1.08511905913504,114.644270727188,143.924108102095,0,0,0,0
1945-03-23,113.244978791691,12.6533212310644,"cs 2",5.2589696796437,52.0626461899762,19.5311817010769,23.7388599899296,0,0,0,0
1945-03-24,651.305494030223,10.4906382169825,"cs 2",5.10298765898639,116.979060031622,364.203138129703,154.529669992929,0,0,0,0
1945-03-25,2883.64466289675,13.2281848746966,"cs 2",1.15880747270601,302.387034396648,1677.99346334462,888.877172808075,0,0,0,0
1945-03-26,547.598838862364,19.4089768817636,"cs 2",9.82158669970236,53.5887398095171,82.5618599074758,382.217675563905,0,0,0,0
1945-03-27,74.5011907142946,8.74602130191163,"cs 2",10.031472170017,10.5329671707796,20.9238581395659,24.2668719320205,0,0,0,0
1945-03-28,227.170920295901,8.80430086966767,"cs 2",3.56002157445367,35.2143260340901,121.417276075862,58.1749957418279,0,0,0,0
1945-03-29,262.77778209001,14.7723809333258,"cs 2",27.5939156092719,52.9009399805749,49.3609055705163,118.149639996321,0,0,0,0
1945-03-30,84.252025374759,7.64663782355885,"cs 2",9.52172727205435,10.4864371757133,33.9906012628627,22.6066218405698,0,0,0,0
1945-03-31,165.884081464879,7.54384880906917,"cs 2",41.097997222425,19.3421885639365,54.7738580982014,43.1261887712466,0,0,0,0
1945-04-01,208.087418571188,11.2323563744384,"cs 2",20.7242549411477,62.5372962977919,66.8235571978885,46.7699537599221,0,0,0,0
1945-04-02,94.7164682283521,9.25168139853672,"cs 2",0.615796209122658,29.7809297421436,38.9896891139165,16.0783717646327,0,0,0,0
1945-04-03,284.852847965501,13.9718860955872,"cs 2",14.6871313442302,17.4073030436144,39.6611741527571,199.125353329312,0,0,0,0
1945-04-04,110.121192465719,8.56220994501666,"cs 2",5.12466317128819,11.9977973733387,47.2012279802047,37.2352939958706,0,0,0,0
1945-04-05,194.652289475774,10.5901354812133,"cs 2",1.94298594952877,44.5931144673368,86.7287068595986,50.7973467180962,0,0,0,0
1945-04-06,429.940000400709,12.6795433327426,"cs 2",14.4745304530108,39.435712377517,163.500440969871,199.849773267568,0,0,0,0
1945-04-07,100.239122844915,12.2293839362671,"cs 2",2.27162107246702,21.3735916648675,21.7367478520519,42.627778319262,0,0,0,0
1945-04-08,51.1349075859469,6.83793226394317,"cs 2",6.52551373827317,24.0343685355188,13.6514486232583,0.0856444249535276,0,0,0,0
1945-04-09,129.207811623115,9.28110452454996,"cs 2",7.30157463273757,16.4767443212103,51.5053598459404,44.643028298677,0,0,0,0
1945-04-10,53.5017453107128,6.63476152095541,"cs 2",8.66724672488363,1.54817147121233,17.8199586364166,18.8316069572448,0,0,0,0
1945-04-11,42.187783136756,4.15212560380643,"cs 2",3.8825502249301,0,17.642274534574,16.788142751549,0,-1.12610960989612,0,0
1945-04-12,41.0856727155556,5.85480626370958,"cs 2",0.675924785463197,14.2359097606589,20.3260499792931,0,0,0,0,-0.0220099840516404
1945-04-13,27.2630568551243,7.62439123078962,"cs 2",5.78439101046121,6.86056992759943,3.39879102990635,3.59491365636767,0,0,0,0
1945-04-14,203.960735646915,10.7053870847871,"cs 2",10.8973973028359,65.8184135971569,77.7069608416709,38.8325768204645,0,0,0,0
1945-04-15,529.532972969648,18.1356595676122,"cs 2",18.8736896691571,64.648461155049,118.84915361195,309.02600896588,0,0,0,0
1945-04-16,96.7885414668966,12.8948363657057,"cs 2",6.21075057698357,23.315893147169,10.1530912869496,44.2139700900887,0,0,0,0
1945-04-17,54.3411873964106,5.35349568925272,"cs 2",3.43752978772514,13.3237064066377,30.4297437156591,1.79671179713584,0,0,0,0
1945-04-18,47.0236382609688,4.34740930292644,"cs 2",17.5242375304582,4.31617419005455,17.7767476649523,3.05906957257726,0,0,0,0
1945-04-19,105.345754559536,12.9205189731526,"cs 2",1.23105685897018,31.8345811867837,22.3016360717079,37.0579614689218,0,0,0,0
1945-04-20,213.56725462145,6.22075040541594,"cs 2",2.33343012875746,18.1970043570477,139.943022297364,46.8730474328643,0,0,0,0
1945-04-21,78.017723793579,6.34959864392614,"cs 2",0.240045494902635,10.1474856620529,47.4188530416753,13.861740951022,0,0,0,0
1945-04-22,194.169914563983,10.6802406768438,"cs 2",0,37.8172409245199,87.6981299941293,58.0089669916617,-0.0346640231713193,0,0,0
1945-04-23,1418.18509923539,15.7106197963774,"cs 2",5.70058146351608,300.00327960963,709.573949902815,387.196668463056,0,0,0,0
1945-04-24,198.253510143484,8.9045361042994,"cs 2",5.84471376598486,21.7633955632967,97.0414074457873,64.6994572641158,0,0,0,0
1945-04-25,1412.04651903118,26.4436276563994,"cs 2",19.1066997921611,260.192339754368,401.938878543525,704.364973284725,0,0,0,0
1945-04-26,856.134246612527,10.5323969124831,"cs 2",0.0977600320428981,94.2753233032108,490.455179814437,260.773586550353,0,0,0,0
1945-04-27,1062.83597651042,23.7376482497375,"cs 2",8.62812242184835,76.2745850674746,116.018761348639,838.176859422724,0,0,0,0
1945-04-28,55.199255672594,5.81035133397323,"cs 2",2.16252010210915,0,24.2591798455817,23.0779684906085,0,-0.378038574736716,0,0
1945-04-29,674.739449085489,13.2549342940092,"cs 2",8.83719607395326,12.5091929894856,180.206046736281,459.932078991761,0,0,0,0
1945-04-30,82.109522144124,5.75224540983485,"cs 2",3.59723642877931,4.42103431007571,48.9398617650069,19.3991442304273,0,0,0,0
1945-05-01,235.222996151969,13.0116344829572,"cs 2",17.8403040561006,87.7111043355601,64.4502106170911,52.2097426602604,0,0,0,0
1945-05-02,440.38332904025,10.8570572946263,"cs 2",5.65426984862607,33.4823551605579,204.840491425666,185.549155310774,0,0,0,0
1945-05-03,200.09549528151,8.50686961170753,"cs 2",3.28895410006356,5.97915087221635,87.3615315477035,94.9589891498192,0,0,0,0
1945-05-04,665.484623244344,14.6612425685655,"cs 2",3.46689225168339,99.2696754654202,292.654652702768,255.432160255906,0,0,0,0
1945-05-05,540.609170901415,22.0492712366868,"cs 2",7.6010876119796,259.072915869692,98.0578775358623,153.828018647194,0,0,0,0
1945-05-06,18.6979923661855,4.84474209426074,"cs 2",1.23852391303781,1.77864266891579,10.4134596288289,0.422624061142231,0,0,0,0
1945-05-07,192.801755610774,9.67417088026273,"cs 2",5.13301416931465,58.2382663715848,86.5947403389368,33.1615638506754,0,0,0,0
1945-05-08,86.5078917603548,9.93021215573847,"cs 2",21.4212084380809,13.1401981699031,2.78903335020238,39.2272396464299,0,0,0,0
1945-05-09,1044.68640870495,12.1833207628933,"cs 2",12.5448917280572,60.6295598952151,495.693052663459,463.635583655321,0,0,0,0
1945-05-10,5835.85715606152,28.1709154648196,"cs 2",4.66915283939554,354.762741163124,2098.29516358187,3349.95918301231,0,0,0,0
1945-05-11,821.905352925185,15.3811288289225,"cs 2",5.88277258965132,15.5233675449311,168.075682250934,617.042401710746,0,0,0,0
1945-05-12,183.600246907945,8.67348933141277,"cs 2",2.83891678955995,18.2525850398086,92.5030541826119,61.3322015645515,0,0,0,0
1945-05-13,126.062051506422,10.8612233774161,"cs 2",3.50886299648127,31.9663240683021,44.5140481454965,35.2115929187265,0,0,0,0
1945-05-14,306.0571949231,15.4072875002802,"cs 2",21.7966399687919,46.1018807860968,61.32455402921,161.426832638721,0,0,0,0
1945-05-15,124.197097169501,7.31784504411373,"cs 2",3.87581321435179,2.43264705851514,56.2712248541151,54.2995669984048,0,0,0,0
1945-05-16,2011.16038209129,22.5429863994328,"cs 2",3.19680852176578,338.087346831687,837.317456939956,810.015783398444,0,0,0,0
1945-05-17,202.859939152588,12.363403565348,"cs 2",12.4890147729319,67.5312654376764,61.950784588476,48.525470788156,0,0,0,0
1945-05-18,322.550722197274,11.4083666089752,"cs 2",4.860324079191,39.2626684373201,142.600142078305,124.419220993483,0,0,0,0
1945-05-19,439.011446163217,10.2996675278026,"cs 2",13.1417772406458,43.5123215391651,215.727159384067,156.330520471536,0,0,0,0
1945-05-20,51.4882448358062,5.11270145118287,"cs 2",0.439831290899206,14.1775066675976,31.3593561500996,0.398849276026977,0,0,0,0
1945-05-21,284.907208202535,10.6692506836482,"cs 2",3.56309417939155,71.2592067670517,135.670003953217,63.7456526192265,0,0,0,0
1945-05-22,435.267343034845,20.7811789002181,"cs 2",8.76939401069817,79.2407452241414,50.965552627624,275.510472272164,0,0,0,0
1945-05-23,233.042845050976,14.0109761972698,"cs 2",9.35229478006993,16.1989527740857,23.8357220610804,169.64489923847,0,0,0,0
1945-05-24,42.0881792772269,5.60467825657269,"cs 2",2.0087899387727,7.19301083071093,23.9674786760523,3.31422157511828,0,0,0,0
1945-05-25,3443.91540418098,48.4396038230438,"cs 2",21.315275734878,762.366601915628,534.757882792858,2077.03603991457,0,0,0,0
1945-05-26,267.875663314573,14.6204323616531,"cs 2",4.4280050195035,29.0544890739128,62.6138580351358,157.158878824368,0,0,0,0
1945-05-27,951.350118456012,14.4687977771028,"cs 2",2.78407073387576,54.4525809458474,380.907179414581,498.737489584605,0,0,0,0
1945-05-28,211.330753440541,14.4209123325398,"cs 2",4.74210367332454,37.9891647397804,52.0083797024935,102.170192992403,0,0,0,0
1945-05-29,41.3123383192246,9.18569269335638,"cs 2",0,4.75969522521221,14.4092885934104,14.454291828841,-1.49663002159544,0,0,0
1945-05-30,349.096130209202,15.1071313268281,"cs 2",51.8450283224351,71.7805130443915,63.3803945113748,146.983063004172,0,0,0,0
1945-05-31,133.699402481609,4.61940160894329,"cs 2",1.13056846201256,19.5338017924861,98.6398427618137,9.77578785635371,0,0,0,0
1945-06-01,1159.52443475393,17.3520208868913,"cs 2",5.36000865194269,286.908641889498,520.635551751094,329.268211574501,0,0,0,0
1945-06-02,65.7241495492443,8.4749820419848,"cs 2",4.20953501591978,10.6443252459345,24.0369602565494,18.3583469888558,0,0,0,0
1945-06-03,62.8011968240274,11.9772028931795,"cs 2",1.9044464250138,12.3463617376641,0,36.7856841702391,0,0,-0.212498402069083,0
1945-06-04,99.1242673742918,9.75657269938017,"cs 2",8.0885519246735,3.21032606545656,15.1059672684776,62.962849416304,0,0,0,0
1945-06-05,50.0077768333214,6.70006410833468,"cs 2",0.977825316413371,7.58242651717607,26.2102343313532,8.53722656004399,0,0,0,0
1945-06-06,243.142176811128,12.740173815905,"cs 2",1.29035946117587,10.6679881532948,52.2134175893742,166.230237791378,0,0,0,0
1945-06-07,38.4090687086866,4.34660893473203,"cs 2",0.899798116873071,1.22909018314841,27.5303286831329,4.40324279080022,0,0,0,0
1945-06-08,214.2795493669,5.54211011764029,"cs 2",0.814124992027806,8.71597164432049,145.380869216308,53.8264733966028,0,0,0,0
1945-06-09,109.090085569175,9.22285174018785,"cs 2",13.7279120469831,15.5386234261642,34.0083955904068,36.5923027654333,0,0,0,0
1945-06-10,106.682027332506,10.4578644714953,"cs 2",7.24983324260264,14.8866722330542,29.690770938461,44.3968864468926,0,0,0,0
1945-06-11,200.265158908304,7.51232349737131,"cs 2",2.58592076472329,7.89827837197422,105.488295769079,76.780340505156,0,0,0,0
1945-06-12,448.90504710629,12.3564885010369,"cs 2",2.80954433905852,59.1980064788076,205.935811896918,168.60519589047,0,0,0,0
1945-06-13,202.454754699727,7.71939209689971,"cs 2",7.94946895660043,14.9791197146156,106.614202532335,65.1925713992769,0,0,0,0
1945-06-14,53.6756974164278,5.30548129065625,"cs 2",1.95561760714439,15.3570464108548,30.3587186286934,0.698833479078901,0,0,0,0
1945-06-15,511.691472687241,13.2416548631399,"cs 2",1.26623645026118,18.0904132448093,157.625249764084,321.467918364946,0,0,0,0
1945-06-16,71.2459451960337,7.620429850408,"cs 2",0.730472614996817,8.86036928699814,35.1143541245657,18.9203193190651,0,0,0,0
1945-06-17,58.9917882490804,10.1059391108135,"cs 2",3.24386198610967,28.0310716991296,10.2743632731925,7.33655217983513,0,0,0,0
1945-06-18,89.665125405522,4.68847668104619,"cs 2",1.50600280977983,15.9053739240864,62.9816689269724,4.58360306363723,0,0,0,0
1945-06-19,265.249060089857,11.2570065861017,"cs 2",3.27593172428305,20.8763364968572,102.765340235265,127.07444504735,0,0,0,0
1945-06-20,150.875065567619,7.41578885758457,"cs 2",3.63584858926056,49.421758892193,76.8859690594987,13.5157001690825,0,0,0,0
1945-06-21,110.805464645253,8.61205051417404,"cs 2",4.76590894488784,16.2239654121856,49.2391334964461,31.9644062775591,0,0,0,0
1945-06-22,179.074654654103,10.2572298817517,"cs 2",1.33325068505715,5.18159708753253,54.0130111884636,108.289565811298,0,0,0,0
1945-06-23,583.599054773824,13.8662270276483,"cs 2",6.47166068779441,21.9807095649456,172.916197733991,368.364259759445,0,0,0,0
1945-06-24,64.3567660476199,4.99535751021186,"cs 2",0.122767796063017,6.46206789163012,45.3564554787736,7.42011737094135,0,0,0,0
1945-06-25,820.487005409417,25.7868585936784,"cs 2",29.8428118400811,157.634343425712,93.9912352675576,513.231756282387,0,0,0,0
1945-06-26,715.595835481624,18.1324933045395,"cs 2",1.06277192539939,73.5980141556367,222.400977429393,400.401578666655,0,0,0,0
1945-06-27,177.5278931364,11.0768277390653,"cs 2",8.22266432791404,15.6865106549037,54.6399497824383,87.9019406320787,0,0,0,0
1945-06-28,36.2730832517008,5.72369058526369,"cs 2",2.41321794074794,4.2011297188897,19.3707769391357,4.56426806766376,0,0,0,0
1945-06-29,444.336674950022,7.74001036395682,"cs 2",8.129163263821,58.4191091275613,274.456218848113,95.5921733465703,0,0,0,0
1945-06-30,683.211183068242,15.986709405583,"cs 2",0.017172491763634,35.1903868596531,196.36833022495,435.648584086293,0,0,0,0
1945-07-01,414.910250505445,20.7530731441676,"cs 2",1.64603547934403,98.7146748166123,74.5065448768766,219.289922188444,0,0,0,0
1945-07-02,170.328609793933,10.9150124392851,"cs 2",39.4876438633337,23.1990636776279,22.390683547977,74.3362062657093,0,0,0,0
1945-07-03,37.662225763146,5.47557374277499,"cs 2",1.51689975891892,2.1769624592038,21.8618018386216,6.63098796362669,0,0,0,0
1945-07-04,85.3091320672485,11.207917293739,"cs 2",6.68186300094466,20.2132228070586,16.7690312499031,30.437097715603,0,0,0,0
1945-07-05,110.575438457903,5.65110946159333,"cs 2",3.65954530096832,3.64806775106721,67.5462914567119,30.0704244875618,0,0,0,0
1945-07-06,512.820709535175,22.3124980929095,"cs 2",17.1955082536473,110.431605259331,57.7974035228601,305.083694406427,0,0,0,0
1945-07-07,1051.82935493254,12.4364072279182,"cs 2",11.2717883070091,108.239300247244,544.894387567578,374.987471582794,0,0,0,0
1945-07-08,24.0819383870036,4.42954408571498,"cs 2",1.34750303748056,0,7.84568383607727,10.7961887154389,0,-1.29240464001715,0,0
1945-07-09,178.256711186359,13.533268394379,"cs 2",9.32787130040805,43.1910703306298,43.5287730434893,68.6757281174524,0,0,0,0
1945-07-10,169.10336835259,5.26195902313974,"cs 2",1.84067026447077,13.4414534498162,119.5647718176,28.994513797564,0,0,0,0
1945-07-11,355.768885144931,15.2415559759281,"cs 2",8.09739887617753,141.800427588493,109.307077068902,81.32242563543,0,0,0,0
1945-07-12,4222.29441282297,33.3467087733627,"cs 2",1.33153545392559,266.455989139161,1039.74099381935,2881.41918563718,0,0,0,0
1945-07-13,77.3903507878126,9.91984811003761,"cs 2",7.42939682989319,13.9197425374682,18.9577036980938,27.1636596123198,0,0,0,0
1945-07-14,184.743616105767,8.12738071498415,"cs 2",4.00646021657722,42.9175532226179,98.8831373110869,30.8090846405011,0,0,0,0
1945-07-15,201.523772682296,9.65445902238259,"cs 2",3.25079214250415,7.7250246245308,75.8672957044622,105.026201188416,0,0,0,0
1945-07-16,280.419959256944,8.22731628308705,"cs 2",15.6147912783667,41.4902912237407,149.959477940312,65.1280825314373,0,0,0,0
1945-07-17,927.430297765041,10.5324526566635,"cs 2",12.1799044256572,372.584373985765,440.786137641551,91.347429055404,0,0,0,0
