cs,week,tv,print,disp_imps,gqv_ind,gqv_v,dts_v,display_v,ps_imps,search_v,web,sales
cs 1,12/30/1944,3.799490819,0.997514823,2.972103968,2.169481224,1.676425798,1.797893072,3.422870726,0.662206173,3.702170251,1.893369959,4.66635614
cs 1,12/31/1944,2.298301674,0.611591594,-0.635589967,1.984567873,1.413275627,1.482643352,1.845928254,1.890357424,3.755011738,1.736183456,3.429592369
cs 1,1/1/1945,5.326250263,1.507254574,2.152250356,1.654932368,2.002804295,2.118512555,3.883564285,4.079630881,4.684569193,2.22057744,6.092011131
cs 1,1/2/1945,3.045696525,0.227937532,3.128318676,0.368328655,1.255781744,1.63959627,3.132120052,2.766939757,2.751788671,1.650756646,3.44850146
cs 1,1/3/1945,3.621231676,0.050068839,3.741500925,0.947176898,1.193410671,1.760458652,3.54063065,2.504674001,3.252909286,1.827170481,3.657049928
cs 1,1/4/1945,3.185165036,1.287430437,0.537027565,1.943442538,1.793136254,1.668884657,2.5334112,3.700614345,4.490691355,2.033768359,4.651195779
cs 1,1/5/1945,3.676781583,0.530192966,4.43394633,0.626573377,1.436564741,1.772124133,3.741317722,4.760311213,3.778632613,1.967515246,4.186409029
cs 1,1/6/1945,4.554107411,0.314592144,2.422971245,0.759120122,1.369315447,1.956362556,3.613926618,3.808434964,3.686280813,1.929833758,4.450505016
cs 1,1/7/1945,4.385362333,1.063712185,6.329016619,1.918451667,1.736827423,1.92092609,4.534596107,2.557725857,4.239125079,2.231368398,5.165391536
cs 1,1/8/1945,0.235413259,1.616766522,5.273555902,1.665371961,1.821042907,1.049436784,2.446120642,0.968390016,2.844764774,1.513178078,3.168468345
cs 1,1/9/1945,-0.541718655,1.403659479,1.786848659,0.698474206,1.678140196,0.886239082,1.217477952,1.432882177,2.044049465,1.16215978,2.422568452
cs 1,1/10/1945,3.783109384,1.070336234,2.183684798,3.314945512,1.712152397,1.794452971,3.214919165,3.399292757,5.679405031,2.511472454,4.939268238
cs 1,1/11/1945,2.692267675,1.304380403,4.094399601,2.414817231,1.77871825,1.565376212,3.223155003,2.33806453,4.350451177,2.035049757,4.398196347
cs 1,1/12/1945,4.017491452,1.30521253,2.367200944,0.368853622,1.840734609,1.843673205,3.364424863,4.095747883,3.365844169,1.814210979,5.046862186
cs 1,1/13/1945,2.162481869,0.743820685,2.612584158,2.676346234,1.473217395,1.454121193,2.613510237,3.255174333,4.828470231,2.158203082,3.625241435
cs 1,1/14/1945,2.245946016,1.579617035,1.680675337,1.771162763,1.895882839,1.471648663,2.41280064,2.731162109,3.857574081,1.805310123,4.333199395
cs 1,1/15/1945,1.784853874,0.298332049,5.179177625,4.213868446,1.232446934,1.374819314,3.101499673,4.622997283,6.61250337,2.88735264,3.252760211
cs 1,1/16/1945,1.406171835,0.889858748,2.660429558,2.961282512,1.511236519,1.295296085,2.294060532,1.36107994,4.296923848,1.944683113,3.275220577
cs 1,1/17/1945,4.055288182,1.507337858,5.494436377,2.98280626,1.943768821,1.851610518,4.177339069,1.929939998,4.905609573,2.317242883,5.430958395
cs 1,1/18/1945,3.725193958,2.018451264,1.060322567,2.590359304,2.184524827,1.782290731,2.903463211,1.283572692,4.282364765,1.989414774,5.616920996
cs 1,1/19/1945,4.797091491,0.697524841,7.014323237,0.595148413,1.572482945,2.007389213,4.889645878,2.308382313,3.04544206,2.210504933,5.039568022
cs 1,1/20/1945,3.860762109,1.257027159,3.262715663,1.308644883,1.809305612,1.810760043,3.523740856,2.796421492,3.709836963,1.91314223,4.950179468
cs 1,1/21/1945,3.137673072,1.111481396,2.561422135,1.601710136,1.702767331,1.658911345,3.028092287,3.724089513,4.191066936,1.968504639,4.437597279
cs 1,1/22/1945,2.074652297,1.297287331,2.879455127,3.244543417,1.746456015,1.435676982,2.642955825,3.007410898,5.228199068,2.313263595,4.150153835
cs 1,1/23/1945,1.182248624,1.501060247,4.34934174,1.020485021,1.807077941,1.248272211,2.62594897,0.605645797,2.286775564,1.449403505,3.555269001
cs 1,1/24/1945,3.241931582,0.803105478,2.896755878,2.711586169,1.553098031,1.680805632,3.159200157,4.589861869,5.490954177,2.435223213,4.366443614
cs 1,1/25/1945,1.651258082,1.139988577,5.409446829,2.397676935,1.647959252,1.346764197,3.101556767,0.986832874,3.70367155,1.830419156,3.604381997
cs 1,1/26/1945,5.284476556,0.741220303,4.611937562,2.561865577,1.617031848,2.109740077,4.491598677,2.746383072,5.004426495,2.393718539,5.410197738
cs 1,1/27/1945,2.938618818,0.320336701,5.212971268,2.397966584,1.297102246,1.617109952,3.616017983,3.367234497,4.73668876,2.196683445,3.665288414
cs 1,1/28/1945,4.353366999,1.438584815,1.685215563,2.210471858,1.92317466,1.91420707,3.338037033,4.025110386,5.012062334,2.269885334,5.512971433
cs 1,1/29/1945,2.907175121,1.161124728,4.509961344,2.646577431,1.716927653,1.610506775,3.423210989,-0.258535184,3.665161715,1.879299673,4.327405306
cs 1,1/30/1945,3.592579349,0.36357555,4.350805572,2.87428553,1.349165164,1.754441663,3.68322446,4.948379577,5.812762585,2.581035199,4.196002054
cs 1,1/31/1945,4.682919706,1.491157878,2.077173934,2.998988673,1.964835386,1.983413138,3.582353143,1.356553622,4.808429168,2.222103709,5.725882127
cs 1,2/1/1945,3.642567456,0.224859771,1.456936419,0.204120291,1.281983511,1.764939166,2.968228908,2.707157542,2.673368864,1.610525412,3.757878955
cs 1,2/2/1945,0.961041129,2.097922138,2.551874469,2.75047014,2.095860564,1.201818637,2.071232543,5.247865385,5.424516676,2.378692921,4.315484467
cs 1,2/3/1945,3.037494726,0.757988992,3.131090256,1.72996249,1.520989182,1.637873892,3.12922943,4.522680147,4.57258246,2.099661081,4.096468309
cs 1,2/4/1945,1.413564837,0.94511775,3.176156955,1.24785762,1.539268352,1.296848616,2.428630657,2.548900415,3.210104932,1.610476789,3.215655705
cs 1,2/5/1945,3.454512886,1.889736211,2.763731367,1.222079963,2.107448726,1.725447706,3.218540374,2.213627874,3.367403365,1.782542623,5.276760153
cs 1,2/6/1945,3.436802453,0.966638976,1.981353565,1.53060046,1.644096503,1.721728515,3.011544478,3.493837624,4.090583639,1.937957559,4.45459418
cs 1,2/7/1945,1.518091812,1.151839498,5.748979905,2.58181367,1.647707428,1.318799281,3.129625907,4.534342807,5.104495078,2.284126535,3.699472543
cs 1,2/8/1945,3.158924192,1.401998431,6.755717345,4.947017983,1.849322195,1.66337408,4.105474881,1.808163518,6.461201315,2.849282941,5.026091523
cs 1,2/9/1945,3.530951338,1.275029363,5.492860683,3.038669458,1.80299548,1.741499781,3.947022054,4.130715423,5.658536174,2.538090218,5.002741955
cs 1,2/10/1945,6.053132333,0.64494308,2.15431653,1.963402718,1.604519852,2.27115779,4.202819987,1.697312249,4.217822799,2.162716078,5.660090708
cs 1,2/11/1945,3.043568277,1.913198,2.954759244,0.890650695,2.100102899,1.639149338,3.086990471,1.224838922,2.664619897,1.627614809,5.020689846
cs 1,2/12/1945,2.383048991,1.197713044,5.070655042,1.179059178,1.710898096,1.500440288,3.336166521,3.055866558,3.471292592,1.818048497,4.054165346
cs 1,2/13/1945,1.652928561,0.30430194,5.380806023,3.390645581,1.229306032,1.347114998,3.094995961,4.722171144,5.903268043,2.594575777,3.085126462
cs 1,2/14/1945,3.134847446,1.06132154,1.950237875,2.714548039,1.677502789,1.658317964,2.871217113,1.450835137,4.364609579,2.010841084,4.403611986
cs 1,2/15/1945,4.896987011,1.169843793,3.118266213,2.007037839,1.813787423,2.028367272,3.94133014,6.083111634,5.642375688,2.534306512,5.649214033
cs 1,2/16/1945,1.255798189,0.789373627,4.996687663,3.450267795,1.453897529,1.26371762,2.823044245,3.219992207,5.364865903,2.371306421,3.24614213
cs 1,2/17/1945,2.047230048,0.054626068,2.830945269,0.297414614,1.122530954,1.42991831,2.618578595,1.547128916,2.110485355,1.433718913,2.665279195
cs 1,2/18/1945,4.300023172,1.436538264,4.002038784,1.078336759,1.919669669,1.903004866,3.90461819,4.327210634,4.114217679,2.073870256,5.41418469
cs 1,2/19/1945,1.512811896,1.678926592,3.76220989,1.277857956,1.911565351,1.317690498,2.621385924,1.660865526,2.936118599,1.572082746,3.945187758
cs 1,2/20/1945,3.943847123,0.843132225,4.402737607,3.876867805,1.605780544,1.828207896,3.850475733,0.356359595,5.118691379,2.345088716,4.756430242
cs 1,2/21/1945,1.968392945,1.101163882,2.527763155,1.480311555,1.643246819,1.413362518,2.506805037,0.868379809,2.900101596,1.550856979,3.644672755
cs 1,2/22/1945,3.197650651,1.196338944,8.225712818,2.700455044,1.748074123,1.671506637,4.496785766,2.721597089,4.812076086,2.340513756,4.678513633
cs 1,2/23/1945,4.507230274,1.230747014,4.251894682,1.124645244,1.826186938,1.946518358,4.059101184,2.990161238,3.711161738,2.028684206,5.318702141
cs 1,2/24/1945,2.078030998,0.827581375,2.390187044,2.151431579,1.511261231,1.43638651,2.519846753,2.727554957,4.16663963,1.914504537,3.573499392
cs 1,2/25/1945,3.357729534,1.138308382,0.958955023,1.425838526,1.72643804,1.705123202,2.716521293,5.09247728,4.55369457,2.06674455,4.61695979
cs 1,2/26/1945,3.185456953,0.944725748,2.4474313,2.494622328,1.621433506,1.66894596,3.020017567,3.702056642,4.97671932,2.235013381,4.399305102
cs 1,2/27/1945,5.111864063,1.760854719,6.414950012,2.653555298,2.119908549,2.073491453,4.875041561,2.245193604,4.882156607,2.434324518,6.286663479
cs 1,2/28/1945,4.864922406,1.001247599,3.224431419,2.474033039,1.727819831,2.021633705,3.954304813,3.843633223,5.254763057,2.401721288,5.427688168
cs 1,3/1/1945,1.499022292,1.018033693,7.253165196,1.697176262,1.579776021,1.314794681,3.50430024,2.12089608,3.466582389,1.845155414,3.411847574
cs 1,3/2/1945,3.403680065,1.794444512,5.587018037,1.640192598,2.057338846,1.714772814,3.91519192,2.64603161,3.881582033,2.022077638,5.242317203
cs 1,3/3/1945,4.746357095,1.857718262,5.309792053,3.403056984,2.151453601,1.99673499,4.43334586,3.960000718,6.096943806,2.730034858,6.279978225
cs 1,3/4/1945,4.474434644,0.887477624,3.651575109,0.846544199,1.652663254,1.939631275,3.891851162,4.26469338,3.913428665,2.029497533,4.978958587
cs 1,3/5/1945,0.555026906,1.150959925,0.942295033,1.791630882,1.602501262,1.11655565,1.483325511,2.438687887,3.52422962,1.62725851,2.945449428
cs 1,3/6/1945,2.814964746,1.660663383,5.135157654,2.839876908,1.962941373,1.591142597,3.541982078,6.002743051,6.042504345,2.664068712,5.016863161
cs 1,3/7/1945,4.561016484,1.609637221,2.885282982,2.371687836,2.018534551,1.957813462,3.734682413,2.10187973,4.502388683,2.146719998,5.74439873
cs 1,3/8/1945,-1.386337978,1.138733613,2.430043203,2.710464606,1.506136071,0.708869025,1.010909431,2.423135859,4.043689122,1.798071388,1.932115525
cs 1,3/9/1945,0.040216175,1.060878995,3.472202342,1.978100765,1.533435554,1.008445397,1.901819855,0.106099886,2.78581026,1.425735641,2.509982268
cs 1,3/10/1945,3.945463976,0.601983755,3.546735278,2.553997032,1.48502535,1.828547435,3.633206377,5.639295654,5.827374287,2.58492451,4.613889525
cs 1,3/11/1945,2.607323591,0.921898992,5.89822113,2.000990499,1.583122933,1.547537954,3.645245522,3.073986875,4.234514367,2.053156095,3.999135884
cs 1,3/12/1945,2.850347975,1.117716385,4.717391832,1.02672421,1.692535924,1.598573075,3.451114457,4.112488492,3.780292031,1.910145707,4.266276213
cs 1,3/13/1945,3.151409469,0.93933713,5.236982144,2.31472755,1.61715087,1.661795988,3.715438569,2.797695392,4.492547448,2.135749867,4.341351235
cs 1,3/14/1945,4.290290364,0.609421127,4.936350761,2.884335188,1.504780249,1.900960976,4.1382701,4.988630729,5.938073445,2.652816898,4.832755327
cs 1,3/15/1945,4.310665338,1.081973703,4.083192645,2.576485393,1.742505491,1.905239721,3.929950237,3.266217409,5.059044627,2.334585414,5.177366227
cs 1,3/16/1945,1.975403225,0.958405145,5.731061472,0.875347952,1.572041686,1.414834677,3.32558891,2.130451844,2.815882001,1.695823778,3.564628364
cs 1,3/17/1945,4.860186256,1.412972859,2.341095059,1.096950869,1.933899591,2.020639114,3.72728921,2.232869761,3.469884422,1.915096042,5.64332616
cs 1,3/18/1945,5.374950059,0.065647261,0.757844129,2.675801491,1.282733242,2.128739512,3.549837389,2.296858924,4.9586047,2.270927691,4.783300938
cs 1,3/19/1945,2.879407132,1.060602834,5.628433754,2.230360503,1.665269226,1.604675498,3.695850558,1.387767562,3.878364024,1.975896287,4.251278399
cs 1,3/20/1945,5.539337829,1.103077154,3.983844548,1.397554937,1.810191119,2.163260944,4.443410528,3.314080568,4.217575715,2.21120807,5.825961868
cs 1,3/21/1945,1.768066197,1.905514604,3.13004509,1.556230808,2.036964807,1.371293901,2.572333246,0.457815688,2.792023013,1.535936623,4.284802326
cs 1,3/22/1945,1.955605147,1.659416378,7.15353456,1.272839821,1.922371559,1.410677081,3.67913602,3.088521521,3.50287317,1.891657973,4.279249762
cs 1,3/23/1945,2.071405086,1.50568409,3.529851456,1.758254202,1.850724786,1.434995068,2.80715336,0.691718455,3.097343708,1.642478297,4.112193535
cs 1,3/24/1945,4.566188348,1.229662978,5.622050114,4.250742245,1.828384274,1.958899553,4.433859448,3.413382622,6.623329165,2.926750533,5.660153262
cs 1,3/25/1945,3.744015678,0.210123187,4.560182024,1.576676324,1.279315112,1.786243292,3.802944638,2.334318226,3.764931135,1.977544067,3.926280094
cs 1,3/26/1945,3.546836325,1.225488209,2.143247685,2.142679939,1.778910657,1.744835628,3.101018919,3.131161279,4.517187463,2.081070694,4.807051845
cs 1,3/27/1945,2.443375657,1.279677848,5.421055457,4.538761372,1.754771671,1.513108888,3.451847456,1.967009282,6.053151943,2.665159987,4.456689228
cs 1,3/28/1945,1.978875075,0.667692456,0.839365072,2.244166103,1.426537967,1.415563766,2.081456016,3.904075309,4.651055654,2.071257313,3.423437515
cs 1,3/29/1945,3.92414097,1.813700809,6.430305124,1.174550171,2.091179651,1.824069604,4.358148565,2.357282527,3.44526723,2.066925946,5.560288857
cs 1,3/30/1945,4.096383642,0.916725797,-0.86039731,0.368850572,1.649745735,1.860240565,2.577120347,3.299592354,3.095035497,1.630148031,4.661853707
cs 1,3/31/1945,1.813119411,1.474566046,3.254294493,1.145708954,1.82312701,1.380755076,2.623728294,2.934216251,3.315304598,1.665540773,3.949819661
cs 1,4/1/1945,1.527600323,0.930499843,-0.389652296,2.992541626,1.537244502,1.320796068,1.570611701,5.779497579,5.909252638,2.577476511,3.598318928
cs 1,4/2/1945,3.423380347,0.070106595,1.734647602,2.305077098,1.194254251,1.718909873,2.942836131,5.042365888,5.319961909,2.361584516,3.752356245
cs 1,4/3/1945,1.745380909,0.494439846,1.431716769,1.354476055,1.328874318,1.366529991,2.129911984,0.543455217,2.641369483,1.437247067,2.914245185
cs 1,4/4/1945,2.936401642,1.041341916,2.397481735,2.779092854,1.658267545,1.616644345,2.898090131,4.54678255,5.490388425,2.425741137,4.419755696
cs 1,4/5/1945,2.370808716,0.839269868,4.007553556,1.024527587,1.530726865,1.49786983,3.060083815,0.674137141,2.488698743,1.589358478,3.632130913
cs 1,4/6/1945,3.343505755,1.027859292,0.464004956,2.951871839,1.670435038,1.702136209,2.584246833,0.713536631,4.342714984,1.9852245,4.47738609
cs 1,4/7/1945,3.028591995,0.899131975,2.189546485,2.678067034,1.591296756,1.636004319,2.885564493,1.068960981,4.181482297,1.951876922,4.172989133
cs 1,4/8/1945,0.578451074,0.687990887,2.400235983,1.501924702,1.371613851,1.121474726,1.864856867,4.377300182,3.960027666,1.799224491,2.58323588
cs 1,4/9/1945,1.028283793,1.421421445,5.962052355,2.296625924,1.760017324,1.215939596,2.969108872,2.81662606,4.172373069,1.948007966,3.568656001
cs 1,4/10/1945,2.444706372,1.041528589,2.959901451,2.981263453,1.635505967,1.513388338,2.825705753,3.83558459,5.344216934,2.365129909,4.130301776
cs 1,4/11/1945,2.128619434,1.4657436,8.228903311,1.911350286,1.833371575,1.447010081,4.028840131,1.915322482,3.674525403,2.003787939,4.230800713
cs 1,4/12/1945,0.941795381,0.999007777,6.658835673,1.36419908,1.544341684,1.19777703,3.108618386,1.146165053,2.74599732,1.626165564,3.013841303
cs 1,4/13/1945,2.610821504,1.237263999,2.386435725,0.705759358,1.741302963,1.548272516,2.752514096,4.867825391,3.730392989,1.79989745,4.209474765
cs 1,4/14/1945,2.835652252,1.339895023,3.008251563,1.016624988,1.803178119,1.595486973,3.0094433,4.070108278,3.754214122,1.838266417,4.441892817
cs 1,4/15/1945,5.654140612,1.340078228,1.14049726,1.153066259,1.93427966,2.187369529,3.769700714,6.842563489,5.270438767,2.394066438,6.174255129
cs 1,4/16/1945,2.847827656,1.025985665,4.288120282,1.29697976,1.646455991,1.598043808,3.340696662,4.707949308,4.229144242,2.012164592,4.214068366
cs 1,4/17/1945,2.119007362,1.231503161,4.479009498,1.31772436,1.715555788,1.444991546,3.06972656,2.948148967,3.51655449,1.781367951,3.928912859
cs 1,4/18/1945,1.662650586,1.559878521,2.576491409,1.545028712,1.858879722,1.349156623,2.385148972,2.622668047,3.534492417,1.698904557,3.959173063
cs 1,4/19/1945,3.992033339,1.327590757,3.082176285,0.226117356,1.850764139,1.838327001,3.535328014,5.145774931,3.60879191,1.894945446,5.081839722
cs 1,4/20/1945,1.919262077,1.320939628,1.031461988,1.716658415,1.751084393,1.403045036,2.104233274,1.112533302,3.187668216,1.574034023,3.832055941
cs 1,4/21/1945,0.748881525,1.012208393,1.066625705,2.096533745,1.541988937,1.15726512,1.599988985,3.564927961,4.220602435,1.887666135,3.011148184
cs 1,4/22/1945,3.550403215,0.983081279,0.48641073,1.557848567,1.657615539,1.745584675,2.680674587,2.130296168,3.647634765,1.776032217,4.476161
cs 1,4/23/1945,-0.768436858,1.57213222,4.44669589,2.219772654,1.752017118,0.83862826,1.795386405,5.391396645,4.754695183,2.098516508,2.780239702
cs 1,4/24/1945,1.352986999,1.004409542,6.307211546,2.412701175,1.566161424,1.28412727,3.199381265,2.931633453,4.362953634,2.031882857,3.383769332
cs 1,4/25/1945,2.995570885,1.667585983,-0.979181049,3.188522352,1.974805009,1.629069886,2.064178508,3.439988892,5.467146097,2.399260726,5.030570458
cs 1,4/26/1945,2.941738378,0.952664494,3.98882228,1.928359293,1.614082717,1.617765059,3.305660146,3.492841021,4.368067122,2.049990313,4.209653803
cs 1,4/27/1945,2.829093792,0.50918062,4.974621522,0.373852067,1.386633798,1.594109696,3.507297479,1.017782654,2.104584255,1.676562205,3.602953851
cs 1,4/28/1945,2.331765955,1.079789298,7.671907531,4.367436463,1.649427229,1.489670851,3.976080339,3.641009346,6.479596575,2.851534307,4.272521878
cs 1,4/29/1945,1.834069045,0.98830211,4.46655729,0.736865136,1.580452387,1.385154499,2.941613419,2.148352206,2.679556916,1.585691528,3.477402075
cs 1,4/30/1945,3.18706733,0.334852443,0.915763318,2.287506886,1.315923985,1.669284139,2.630689215,2.525218836,4.377159,1.999144628,3.746432684
cs 1,5/1/1945,7.132413325,1.748322598,4.116376394,1.95707583,2.207548899,2.497806798,5.175704917,3.143922575,4.883364322,2.508059952,7.404519214
cs 1,5/2/1945,2.163988967,0.31123262,4.049250285,3.516685437,1.256533981,1.454437683,2.980013639,2.212023696,5.198895223,2.313956278,3.273957875
cs 1,5/3/1945,3.455205425,1.320930327,4.361743436,0.625571847,1.822473869,1.725593139,3.625772843,5.458248503,3.992825987,1.992895561,4.816075233
cs 1,5/4/1945,3.309277423,0.744649903,4.586045794,1.780082703,1.526938547,1.694948259,3.618902964,3.033800789,4.128494141,2.024597946,4.206537447
cs 1,5/5/1945,4.007934043,1.033588634,6.842153304,1.467641917,1.704189931,1.841666149,4.499766735,3.299262496,4.049769062,2.189454876,4.916397666
cs 1,5/6/1945,4.414057837,0.648112016,2.725495394,3.145119751,1.529919779,1.926952146,3.629553299,3.750228638,5.746691394,2.554752398,4.902816206
cs 1,5/7/1945,2.474772237,1.047888964,3.277999526,1.725902947,1.640090439,1.51970217,2.919891979,3.793374904,4.227941311,1.967014415,4.015164765
cs 1,5/8/1945,3.44495175,0.696449021,0.028592548,-0.17715916,1.509093365,1.723439867,2.517853338,3.397702032,2.553504476,1.50321553,4.055329508
cs 1,5/9/1945,2.245523508,0.105718487,0.155300642,2.130647313,1.157348557,1.471559937,2.024183457,2.523136076,4.100365241,1.865034545,2.970584316
cs 1,5/10/1945,5.684731367,0.349911338,2.788607982,0.724118442,1.439566526,2.193793587,4.202800678,3.675283551,3.773815581,2.080584769,5.153562291
cs 1,5/11/1945,2.512543597,0.761281545,3.890238143,2.159204724,1.498238034,1.527634155,3.09235895,1.419683423,3.77328046,1.852228927,3.727215827
cs 1,5/12/1945,3.926471049,0.602618811,2.499524701,1.010592294,1.484460718,1.82455892,3.358209279,2.603484422,3.388512645,1.816636326,4.3386901
cs 1,5/13/1945,3.178793243,1.143927897,4.161920323,1.490551908,1.720936401,1.667546581,3.453684898,5.162338302,4.609263715,2.140903897,4.55007136
cs 1,5/14/1945,3.669611072,0.859190374,4.771838961,-0.451031689,1.601079559,1.770618325,3.824216841,5.860713075,3.218701169,1.890236746,4.464504842
cs 1,5/15/1945,6.014843671,0.745924914,3.050734979,0.62520725,1.653338273,2.263117171,4.414301009,1.285000482,2.887317625,2.046035203,5.693613709
cs 1,5/16/1945,5.394307047,1.382843234,5.573250463,1.166360273,1.943629927,2.13280448,4.784553441,0.249176932,2.905718945,2.168393761,5.994433528
cs 1,5/17/1945,2.798722744,0.791973898,2.165769348,2.892094379,1.526919065,1.587731776,2.778714656,3.292280167,5.124840107,2.279069397,4.059858454
cs 1,5/18/1945,3.177899726,1.532650888,4.029216753,1.831554828,1.915669211,1.667358942,3.41950055,5.526365121,5.038588631,2.281270828,4.96282897
cs 1,5/19/1945,5.084779828,1.125987309,3.409656457,1.372777231,1.800541639,2.067803764,4.097876782,2.188911606,3.730132663,2.04455694,5.54149113
cs 1,5/20/1945,3.197530551,1.123024676,4.284537296,0.685141128,1.711333542,1.671481416,3.493125026,2.30621175,2.889671655,1.757365738,4.40819724
cs 1,5/21/1945,2.398257491,0.648900741,7.967920983,2.278246747,1.436615999,1.503634073,4.080615029,3.584122023,4.629021714,2.222960044,3.687386677
cs 1,5/22/1945,2.385548543,0.874572978,3.395418121,1.847713815,1.549101054,1.500965194,2.910668679,4.163484489,4.453424837,2.040506609,3.829167674
cs 1,5/23/1945,3.218030849,1.703519511,0.828587252,3.338131772,2.00315038,1.675786478,2.622067254,1.831123457,5.060909661,2.250032085,5.134299733
cs 1,5/24/1945,2.617849601,0.601010016,4.679617265,2.120744739,1.422826914,1.549748416,3.339547377,4.36993097,4.801146847,2.191916062,3.751721846
cs 1,5/25/1945,3.473707441,1.164808096,5.473911207,1.705567023,1.745106958,1.729478563,3.917095829,3.942972291,4.409385086,2.143361127,4.731670715
cs 1,5/26/1945,5.077477384,0.260836196,2.967471528,2.471109858,1.366707806,2.066270251,3.982073727,4.129932098,5.384855513,2.448090827,4.865102152
cs 1,5/27/1945,1.488431353,0.656552333,4.284668968,2.648810019,1.398159135,1.312570584,2.743737909,6.944755993,6.014024971,2.632849326,3.338988445
cs 1,5/28/1945,-0.64737273,0.512440493,3.84075583,0.935530282,1.226673134,0.864051727,1.694170904,3.442529979,2.950103271,1.445959183,1.626610036
cs 1,5/29/1945,5.144083879,1.051117238,4.846451323,2.19197969,1.765783675,2.080257615,4.489756277,3.078615154,4.775900958,2.335905794,5.604295453
cs 1,5/30/1945,4.540108076,-0.379565146,3.209767333,4.10611411,1.020848844,1.953422696,3.808143243,1.947328273,5.972179607,2.648827625,4.039887013
cs 1,5/31/1945,4.829158979,1.277848194,5.322111656,2.695489298,1.86475153,2.014123386,4.472790697,3.464156096,5.309998458,2.474864192,5.692958512
cs 1,6/1/1945,-0.104649275,1.564693199,3.92853037,0.466217394,1.779144061,0.978023652,1.954500507,3.502004292,2.637315076,1.392612843,2.892125502
cs 1,6/2/1945,2.684448289,0.648990762,0.179275736,2.377775521,1.449963904,1.563734141,2.222752187,1.783636546,4.120049575,1.884067863,3.726786631
cs 1,6/3/1945,1.018383037,0.975518345,1.151343907,1.737226341,1.536131989,1.213860438,1.739735572,3.093630945,3.776450493,1.730160942,3.069578804
cs 1,6/4/1945,2.34767401,0.940858699,2.483494896,3.513137567,1.58055382,1.493011542,2.661842715,5.247832132,6.299335497,2.751266241,4.116211815
cs 1,6/5/1945,3.480539015,0.913447767,1.377215902,1.13337842,1.619477381,1.730913193,2.87688069,3.917066169,3.897219836,1.867290031,4.404169762
cs 1,6/6/1945,1.765569619,0.043957114,5.375049269,2.435207508,1.104092929,1.37076962,3.14292185,2.530636939,4.30098693,2.008099245,2.699781126
cs 1,6/7/1945,1.036496826,1.870140237,3.228656343,2.469733439,1.985235047,1.217664333,2.276659409,3.120036754,4.433653299,1.992827196,4.009677993
cs 1,6/8/1945,6.20840603,1.090645806,5.358651487,2.438408422,1.835062052,2.303765266,5.086879666,2.619554508,4.986021338,2.504129171,6.281107588
cs 1,6/9/1945,0.637011133,1.158952461,2.879904711,0.670432467,1.610316832,1.133772338,2.012680938,2.31874335,2.506157369,1.377460099,2.91145339
cs 1,6/10/1945,2.976382843,0.91152855,5.698880561,1.387465871,1.59508141,1.625040397,3.756312369,2.210358656,3.441889177,1.90371327,4.139452455
cs 1,6/11/1945,4.352560711,1.470752321,5.163086433,4.833383263,1.939255098,1.914037749,4.223312475,3.194447183,7.027580089,3.080387982,5.822714993
cs 1,6/12/1945,3.595143331,1.570393413,3.773544372,2.885169788,1.953974989,1.7549801,3.53735097,4.454567119,5.647591983,2.511571599,5.305810519
cs 1,6/13/1945,3.184912524,1.175781423,3.445612463,1.504101089,1.737181432,1.66883163,3.273962567,3.717924827,4.109826022,1.971544353,4.524796936
cs 1,6/14/1945,5.039805651,1.419665392,5.338970058,2.726619725,1.945602083,2.058359187,4.569449817,1.616178686,4.712874609,2.335850824,5.89311616
cs 1,6/15/1945,2.978265927,0.834441024,3.510048558,0.583340041,1.556543305,1.625435845,3.199758825,5.115540464,3.764234997,1.867691032,4.05570281
cs 1,6/16/1945,3.462732814,0.952789257,3.630831786,1.261756863,1.638362237,1.727173891,3.442949142,4.371719074,4.168931214,2.010936199,4.480979808
cs 1,6/17/1945,0.493438642,1.724101702,4.251828685,1.229712505,1.8868181,1.103622115,2.299082196,2.720161291,3.12010335,1.563822925,3.427680799
cs 1,6/18/1945,1.406932388,-0.338661093,4.056966062,1.250662117,0.895707189,1.295455802,2.6500177,3.11521309,3.412449138,1.691491786,2.035399092
cs 1,6/19/1945,3.058471913,1.420927319,4.510814686,1.288777474,1.854137493,1.642279102,3.48977022,4.633554381,4.226385362,2.031063476,4.706294434
cs 1,6/20/1945,3.514089508,1.09390859,6.763066564,0.050442224,1.711458956,1.737958797,4.263082306,3.937095703,2.955397606,1.986429819,4.632995722
cs 1,6/21/1945,1.176786108,1.073659636,3.968949572,1.462996688,1.592669801,1.247125083,2.526688037,1.282329044,2.915724262,1.549671366,3.185876214
cs 1,6/22/1945,1.945386221,0.588984131,4.423360356,2.334621711,1.385543574,1.408531106,2.979424775,2.281055184,4.150211861,1.945536921,3.287850235
cs 1,6/23/1945,3.898782182,-0.044398271,4.63101129,1.575564883,1.158977965,1.818744258,3.888844449,3.503482269,4.201268078,2.089161094,3.810585519
cs 1,6/24/1945,2.314906668,1.10447835,4.89084489,1.529076177,1.661014319,1.4861304,3.260498788,1.347265589,3.16364105,1.74145941,3.902983929
cs 1,6/25/1945,5.087862157,1.142405383,2.50039303,0.667954624,1.808911387,2.068451053,3.867687247,4.38211763,3.887613928,2.023410973,5.551276025
cs 1,6/26/1945,4.942362312,1.063489181,5.555137177,2.194229662,1.762606309,2.037896085,4.5817683,2.211136069,4.440683929,2.281475097,5.486868598
cs 1,6/27/1945,1.555207273,0.490428139,2.814772697,2.067863529,1.318024501,1.326593527,2.398713884,2.324561885,3.873539701,1.805430048,2.933753494
cs 1,6/28/1945,3.042358417,0.917941851,3.331914197,3.608824901,1.601361566,1.638895268,3.182501295,2.419212396,5.482173652,2.432368029,4.364154688
cs 1,6/29/1945,5.366502171,1.505425207,4.150355206,2.954881351,2.003758669,2.126965456,4.41002547,4.111403485,5.846714806,2.641232553,6.257612008
cs 1,6/30/1945,3.19789422,0.805050681,3.50946797,1.193533445,1.552025742,1.671557786,3.295915499,2.295574492,3.333739277,1.787924837,4.120585577
cs 1,7/1/1945,1.544303984,1.052556899,1.550742185,-0.12338509,1.599179086,1.324303837,2.072051481,0.723740478,1.37417411,1.221478822,3.253528223
cs 1,7/2/1945,4.659214944,1.426244578,6.10086194,3.16249643,1.931207943,1.978435138,4.596578498,6.317924704,6.708546552,2.966964834,5.909341102
cs 1,7/3/1945,2.494685899,0.972854543,3.33918178,1.632032804,1.60341917,1.523884039,2.944203765,4.824177919,4.513756925,2.063894529,3.989107639
cs 1,7/4/1945,4.482647301,1.708718424,6.469286556,2.814584456,2.064537605,1.941355933,4.612973767,3.084557749,5.229521278,2.470491354,5.906396774
cs 1,7/5/1945,2.138892747,1.337290793,3.908462632,1.972035562,1.769486274,1.449167477,2.933158093,4.429683418,4.621210653,2.099208858,4.148846886
cs 1,7/6/1945,2.608546311,0.622205433,3.561407889,3.679906051,1.433014695,1.547794725,3.050719453,2.022316021,5.340485712,2.371890662,3.828701382
cs 1,7/7/1945,3.847731697,0.565584551,1.312921649,1.715800419,1.462244272,1.808023656,3.021518192,4.683094187,4.735664291,2.15094034,4.376402042
cs 1,7/8/1945,2.318344725,0.758449308,1.444361256,1.967160799,1.487792103,1.486852392,2.384370009,3.741734978,4.39921475,1.98972699,3.665937747
cs 1,7/9/1945,1.972690183,1.570970802,2.917159052,3.205028008,1.878848988,1.414264938,2.60784778,4.418627639,5.678955833,2.493216755,4.413411411
cs 1,7/10/1945,5.171702449,1.176008392,1.0660372,2.781061007,1.829645667,2.086057514,3.539196019,1.597290571,4.773444271,2.209027932,5.692746238
cs 1,7/11/1945,2.785792478,-0.197003035,2.075025599,3.349143128,1.030779217,1.58501642,2.749937267,3.696095625,5.668725409,2.493020213,3.198709211
cs 1,7/12/1945,6.148063125,0.253053304,3.38831248,3.276319391,1.412571352,2.291093256,4.558679291,4.896021113,6.522566788,2.895790079,5.59749194
cs 1,7/13/1945,2.491578584,0.921871219,4.402439448,1.458643197,1.577728925,1.523231503,3.213596498,1.868370272,3.312291214,1.762703551,3.835519093
cs 1,7/14/1945,3.840968888,1.015655182,0.59341478,2.331692847,1.687443239,1.806603467,2.835332593,0.162761296,3.673988929,1.8030102,4.674827794
cs 1,7/15/1945,4.351688392,1.500025308,1.89305465,2.349107203,1.953882135,1.913854562,3.390226559,1.977621427,4.407773751,2.077507287,5.503246334
cs 1,7/16/1945,5.871066473,1.151520844,2.577536154,4.138035071,1.849883915,2.232923959,4.230757728,3.190829151,6.636235422,2.924959441,6.299269701
cs 1,7/17/1945,6.084894832,1.243963071,3.788888401,1.467497296,1.906142435,2.277827915,4.632986121,3.437761128,4.402944228,2.290629167,6.283720977
cs 2,12/30/1944,2.234018419,1.084622184,0.912484785,3.147548444,1.927049939,1.305166916,1.77074783,4.831685799,5.924921169,2.58524915,5.044882199
cs 2,12/31/1944,-0.53572266,1.37007735,1.620480246,0.434516752,1.507301795,0.926820285,1.655081009,3.68254135,2.816203836,1.406084367,3.046856065
cs 2,1/1/1945,1.725433227,1.160137575,3.3109032,1.620548868,1.860313567,1.235694179,2.785372511,4.665097752,4.6992672,2.115654613,4.504811721
cs 2,1/2/1945,4.5973281,1.122762668,3.783911612,1.322753881,2.411287366,1.627995018,3.456530709,-0.129092149,3.140329312,1.784702244,5.618242801
cs 2,1/3/1945,4.09881126,1.148655119,2.162856423,0.827243928,2.324331689,1.559897618,2.63727271,4.066717956,4.592001467,2.07344388,5.619643785
cs 2,1/4/1945,4.547905255,1.316668023,5.935735836,1.520952493,2.48830325,1.621243858,4.431320701,2.703990056,4.553323686,2.26728716,6.138123148
cs 2,1/5/1945,4.026131133,1.110734584,3.402119187,0.806187646,2.29299269,1.549969513,3.191658743,2.170696894,3.688966098,1.845368097,5.375357063
cs 2,1/6/1945,3.964011274,0.685237506,4.633206036,3.080602119,2.090274916,1.54148394,3.74398495,5.963692595,6.900328374,3.017258032,5.860927918
cs 2,1/7/1945,3.450159069,0.732832509,5.119224051,1.209644576,2.010001157,1.471291729,3.884483999,2.694405345,4.0267328,2.0416851,4.905466191
cs 2,1/8/1945,0.386053795,1.366159372,0.834000224,1.088262987,1.687760316,1.052734948,1.442028105,1.943111979,2.715701905,1.365674348,3.461918642
cs 2,1/9/1945,4.103211443,0.604966465,2.319427367,3.375808662,2.081864667,1.560498683,2.709467653,5.083221324,6.731210124,2.933964549,5.79288594
cs 2,1/10/1945,3.144193572,1.113033799,4.215595349,3.289873495,2.119684816,1.429496842,3.423353323,5.993371503,6.813832529,2.97598376,5.813722685
cs 2,1/11/1945,3.39627609,0.135997307,-0.353401282,3.098481561,1.732226402,1.463931314,1.376889214,2.009097254,4.936875933,2.172076544,4.443030391
cs 2,1/12/1945,4.224426593,1.001215961,4.101624207,2.020959915,2.283173861,1.577056673,3.542512665,2.859285776,4.85888093,2.228590808,5.667368925
cs 2,1/13/1945,2.64510479,1.056334573,6.040494707,0.736113337,1.995650813,1.361321314,4.177587623,3.095556693,3.666518877,2.038322863,4.800836586
cs 2,1/14/1945,5.679071093,2.027417994,7.167368275,0.605645407,3.030014229,1.775761111,5.17301739,1.529871883,3.742624929,2.353261809,7.394073732
cs 2,1/15/1945,5.994618849,0.475930996,2.682764323,1.8866259,2.397996499,1.818864935,3.175149372,4.765147793,6.156047489,2.701270689,6.421102985
cs 2,1/16/1945,4.068236167,1.643761046,4.014445128,3.872901466,2.539880587,1.55572106,3.477948355,2.659794649,5.937634042,2.620311798,6.468517301
cs 2,1/17/1945,4.351473443,0.688597956,3.819478585,3.614202913,2.168370489,1.594411272,3.433807254,2.861044702,5.942039828,2.620792284,5.749089024
cs 2,1/18/1945,0.439495904,0.791676364,3.869105594,1.083573772,1.441205131,1.060035141,2.836468155,2.363295972,2.920499506,1.596514029,3.148878027
cs 2,1/19/1945,0.815413561,1.426570295,4.483405072,1.168535688,1.799671873,1.111385492,3.176564236,3.641914809,3.67058803,1.827872012,4.079772082
cs 2,1/20/1945,1.469948762,0.987576656,1.75425298,2.110414226,1.732578213,1.200795001,2.034042503,3.322193033,4.331848866,1.944741757,4.094242564
cs 2,1/21/1945,3.428115856,0.153279372,2.334639758,1.24015529,1.746255198,1.468280626,2.609419857,2.611366496,4.002348988,1.86722864,4.240468567
cs 2,1/22/1945,4.754859004,0.183838385,3.710163282,2.142248455,2.022196219,1.64951374,3.447820538,1.606172244,4.518301226,2.111652209,5.102275487
cs 2,1/23/1945,3.472129369,0.913302755,3.571633097,0.359383901,2.09511657,1.474292872,3.181264095,2.286098651,3.288154938,1.750033719,4.854780082
cs 2,1/24/1945,5.27390759,0.611344274,5.347495878,3.115290853,2.316136414,1.720415777,4.277765591,4.635131296,6.694103788,2.94757872,6.379994118
cs 2,1/25/1945,1.735939377,0.765016336,1.397347943,3.706664594,1.68554734,1.237129319,1.913219375,3.45269374,5.516169029,2.414808108,4.384285326
cs 2,1/26/1945,3.934808474,0.990457294,4.502621459,1.501872646,2.221108406,1.537494838,3.679725674,4.859594424,5.350279453,2.408164636,5.654071213
cs 2,1/27/1945,2.389824754,1.194037,2.476545486,0.337082847,2.006819348,1.326450061,2.509664031,2.855729318,3.220912711,1.624482335,4.482885
cs 2,1/28/1945,0.052381316,1.149128022,1.932144214,3.356797312,1.524665677,1.007155288,1.89060862,3.771199656,4.944851979,2.178433768,3.727087344
cs 2,1/29/1945,-0.302171714,1.006410456,4.173559709,1.477451744,1.390703839,0.958723344,2.857950707,3.297516045,3.391963781,1.705508019,3.063567707
cs 2,1/30/1945,6.416418179,0.414201977,6.262774094,3.49469408,2.453747802,1.876482723,4.87679825,3.333282372,6.677853432,2.970045451,6.777337706
cs 2,1/31/1945,2.255278579,0.749670415,3.123596621,2.2883603,1.781339348,1.308071054,2.783813701,1.735780786,3.949654632,1.862113936,4.200238644
cs 2,2/1/1945,3.433711376,1.33308028,3.765282605,2.905350835,2.275400654,1.469044974,3.263604671,2.370708742,4.98655404,2.250223911,5.59639804
cs 2,2/2/1945,4.210486796,0.839876664,3.891520592,2.043224453,2.208208248,1.575152496,3.444360304,1.544125941,4.267256461,2.035351279,5.367570525
cs 2,2/3/1945,3.828030152,1.685812381,1.884139842,2.499663292,2.511218653,1.522908919,2.467082241,2.272292346,4.789453693,2.138647508,6.020028039
cs 2,2/4/1945,3.446002208,1.07073882,5.462149498,1.859580567,2.160414994,1.470723902,4.040420879,3.957973319,5.030622575,2.33290463,5.430116607
cs 2,2/5/1945,2.353484482,1.730567229,3.486523661,1.521682267,2.239768744,1.32148598,2.965107496,4.676971191,4.821706674,2.171207376,5.366044811
cs 2,2/6/1945,3.90192042,1.27702346,3.772779822,1.370149457,2.342864679,1.533002329,3.341233716,4.003199634,4.862177531,2.212697502,5.745634979
cs 2,2/7/1945,3.69757145,0.340902992,3.713758235,1.480078081,1.883493855,1.50508826,3.281894878,2.501280551,4.187424656,1.991153869,4.635372958
cs 2,2/8/1945,4.616760083,1.490802525,4.226894705,2.379520197,2.579850891,1.630649427,3.661897105,3.374524828,5.443727582,2.441451777,6.461578624
cs 2,2/9/1945,1.805867889,0.87941807,0.34348498,2.608702817,1.750572836,1.246681554,1.443059406,3.398443389,4.79104565,2.111059557,4.288375018
cs 2,2/10/1945,3.623757764,1.201526624,2.960411627,1.248664612,2.254089047,1.495005311,2.926183241,5.373873325,5.329515353,2.362583491,5.657025467
cs 2,2/11/1945,4.044014468,0.314022224,4.886749669,1.602406578,1.939946015,1.552412376,3.87244429,4.433152391,5.252617044,2.388896927,5.084989088
cs 2,2/12/1945,5.574624796,2.596189384,2.608046736,3.915514051,3.263930837,1.761493747,3.074465876,4.209533388,7.111458436,3.098433842,8.425052533
cs 2,2/13/1945,2.38933247,1.43825446,2.430197667,1.120666867,2.116025589,1.326382815,2.488421442,1.967685358,3.328368259,1.650331169,4.721810532
cs 2,2/14/1945,-0.799847187,0.58736078,4.912018177,2.589984612,1.104773289,0.890740874,3.116289613,2.124275445,3.440718041,1.757462858,2.484274577
cs 2,2/15/1945,5.864236387,0.505211727,2.59251039,1.045789636,2.385328232,1.801054691,3.11327119,3.618126059,5.041282777,2.265334025,6.049746163
cs 2,2/16/1945,3.177519556,0.624879652,8.049055233,1.863719431,1.907791084,1.434049171,5.179170974,4.534511163,5.219577029,2.565360381,5.076842606
cs 2,2/17/1945,3.666529116,0.852576165,-0.082907044,0.519811543,2.106365335,1.500847877,1.543241285,3.212148242,3.87376209,1.765581494,4.906958365
cs 2,2/18/1945,2.544377417,1.11373205,2.034589072,1.920059083,2.001428726,1.347561955,2.332340926,4.338802717,4.983578845,2.207219548,4.932696519
cs 2,2/19/1945,3.594667373,1.035264198,3.992712727,1.51682328,2.173925115,1.491031563,3.392969409,2.703220751,4.274203955,2.02946004,5.238219503
cs 2,2/20/1945,5.699996985,1.747031628,3.229447775,1.79774222,2.908659209,1.778619588,3.378096435,3.262130189,5.324178629,2.382874522,7.175128219
cs 2,2/21/1945,1.453750754,0.851695717,0.509220006,0.695603718,1.668560517,1.198582353,1.462935414,4.661309085,4.0118608,1.805389482,3.857504824
cs 2,2/22/1945,5.956299113,1.583639937,1.056143177,3.453311111,2.886195062,1.813630459,2.426285369,3.964745133,6.806585991,2.964838991,7.599341818
cs 2,2/23/1945,2.9961994,0.530754471,4.893311529,2.300967899,1.829821361,1.409280838,3.709374732,4.682196929,5.521633487,2.471239514,4.831742216
cs 2,2/24/1945,1.716765313,1.451845039,2.170470581,1.5841305,1.989158627,1.234510142,2.263224233,5.060069283,4.853711046,2.153101282,4.791293423
cs 2,2/25/1945,3.807958737,0.663741694,3.390652091,1.798957754,2.049806439,1.520167164,3.151844651,2.473297806,4.415843584,2.048067792,5.022798148
cs 2,2/26/1945,4.387364586,0.740600068,4.541653233,1.062426797,2.198739671,1.599314002,3.769274062,2.950412015,4.318759205,2.094798083,5.410218586
cs 2,2/27/1945,2.755452789,1.392483567,1.481478214,2.707401137,2.167912872,1.376394851,2.113217703,5.59764559,6.137808597,2.677856124,5.646674248
cs 2,2/28/1945,1.861209231,-0.112974471,2.08775207,1.554317056,1.317350775,1.254241181,2.248343731,3.575717496,4.196307185,1.905351848,3.266355266
cs 2,3/1/1945,1.776351163,1.04517394,2.807450588,0.79401713,1.818924894,1.242649569,2.563542534,4.236169405,3.975202164,1.8494648,4.222395431
cs 2,3/2/1945,0.823400338,0.641410746,5.127186312,0.832323173,1.449839548,1.112476486,3.471810468,2.501468063,2.930063429,1.740091592,3.311165724
cs 2,3/3/1945,3.182360621,0.823674126,4.085881959,0.535190295,1.997721788,1.434710461,3.370169178,3.729426823,3.980495841,1.943620398,4.781306041
cs 2,3/4/1945,5.011757055,2.0000184,1.22552345,1.293783078,2.885839848,1.684606014,2.353933786,4.444125928,5.335366763,2.351150726,7.04239751
cs 2,3/5/1945,2.389379238,1.308354638,3.391229037,1.643380929,2.057896026,1.326389204,2.927280428,1.819870863,3.603728492,1.7794459,4.704100822
cs 2,3/6/1945,0.261065265,0.168517688,1.085824829,2.824710737,1.127028924,1.035661515,1.537213749,2.652173497,4.143715812,1.854337624,2.699711243
cs 2,3/7/1945,3.803469495,0.876575619,8.827215397,0.969974282,2.144176363,1.519553933,5.633720548,2.508060729,3.886443283,2.523757186,5.576310034
cs 2,3/8/1945,4.413012598,0.940499991,1.788347132,2.722995069,2.293278148,1.602817521,2.516051478,3.568956855,5.699155102,2.50100668,5.913566066
cs 2,3/9/1945,1.949445757,1.287011881,3.978471921,1.530602185,1.961379913,1.26629429,3.125718679,1.031231652,3.04120305,1.683536451,4.396877905
cs 2,3/10/1945,4.127108844,0.926749011,2.961916113,2.248265765,2.230607672,1.563763068,3.006645313,2.537256421,4.832412442,2.180440175,5.516121653
cs 2,3/11/1945,3.505438076,0.534002301,6.214530248,2.733777368,1.931938689,1.478842841,4.393412751,3.835774835,5.565570655,2.541052553,5.136513888
cs 2,3/12/1945,3.227634983,0.727153084,2.352460736,2.669543324,1.963471808,1.440894939,2.585783952,5.034257249,5.991738602,2.621807319,5.236402931
cs 2,3/13/1945,1.80666863,1.284787446,4.543581055,3.078309198,1.932160875,1.246790935,3.361145318,1.228311634,4.105773635,1.973086366,4.54713732
cs 2,3/14/1945,5.021445245,1.682341095,5.385393796,3.500275948,2.745573241,1.685929421,4.255059314,2.082766423,5.704933606,2.576576289,6.93453299
cs 2,3/15/1945,2.391339509,1.018446092,4.063126926,2.561445927,1.928530169,1.326656977,3.234410899,0.582165982,3.640040783,1.83412317,4.486560568
cs 2,3/16/1945,-0.067964831,-0.333689006,4.57031174,2.102595026,0.837217038,0.990716004,3.076245074,3.187346306,3.819592796,1.850987034,2.085592295
cs 2,3/17/1945,3.385862587,0.930945763,3.87254511,2.573607752,2.085960212,1.462508829,3.30500226,2.367848436,4.753681965,2.171948736,5.151879319
cs 2,3/18/1945,4.096230403,0.618227082,2.657045797,2.614680119,2.086419699,1.559545073,2.862533504,3.507644965,5.50825953,2.431337739,5.416216094
cs 2,3/19/1945,4.065233689,1.242755834,3.377810647,3.420301991,2.359810573,1.555310922,3.186755617,1.878461751,5.281983014,2.355462974,5.903908185
cs 2,3/20/1945,2.378651275,0.837462618,3.175281454,1.530041862,1.845019884,1.324923764,2.826968476,4.010654717,4.529381285,2.05826372,4.489577244
cs 2,3/21/1945,4.81741436,0.098081459,4.228164553,2.658067762,1.996179915,1.658058802,3.694278251,4.152614041,6.040912299,2.669076813,5.482925368
cs 2,3/22/1945,4.362854579,0.987906499,6.947652506,2.153266149,2.304580731,1.595965936,4.864080574,2.760903998,4.940747195,2.439900201,5.884857294
cs 2,3/23/1945,3.606547082,1.278460441,2.78829509,3.669827087,2.285119926,1.492654331,2.844859148,5.339935342,6.897871579,3.00552927,6.210440068
cs 2,3/24/1945,4.423217021,0.960053704,2.693688545,0.421137744,2.304046893,1.604211445,2.931089707,5.354045816,5.008898016,2.2416999,5.737392462
cs 2,3/25/1945,1.826311724,0.62884619,2.611166893,1.833420049,1.64246649,1.249474182,2.481828424,3.400566922,4.289161638,1.951128327,3.950721453
cs 2,3/26/1945,4.069944659,1.089838373,3.880637568,3.705132029,2.292301081,1.55595444,3.417116382,2.676605325,5.835728094,2.578105903,5.939471753
cs 2,3/27/1945,2.157309333,1.100300209,4.826906653,0.040517017,1.918903437,1.294688455,3.546097257,2.981262616,3.016436287,1.776308617,4.40164128
cs 2,3/28/1945,3.107636832,1.548894129,5.386756354,0.44564167,2.307534947,1.424503191,3.952366049,3.860559753,3.960134284,2.040121729,5.470210008
cs 2,3/29/1945,1.773270671,1.015955361,3.111767233,1.316670833,1.805238701,1.242228774,2.702019433,4.042585225,4.228659652,1.944474398,4.267457164
cs 2,3/30/1945,1.672332399,1.512380959,3.805686788,2.357745951,2.007469204,1.228440606,3.002897846,4.173500617,4.942575068,2.216668168,4.872710087
cs 2,3/31/1945,2.83711894,0.902307974,3.856998259,1.014271159,1.964670046,1.387550447,3.210933619,2.236247999,3.511197518,1.801373558,4.574553968
cs 2,4/1/1945,1.92692223,1.143043033,3.261108387,1.27769461,1.892491943,1.263217577,2.794567455,3.909220697,4.186512835,1.937945433,4.451540076
cs 2,4/2/1945,3.156536263,0.77448445,3.683979852,3.157731287,1.970601309,1.431182854,3.182549156,3.843364111,5.746222177,2.534404004,5.177261973
cs 2,4/3/1945,2.271474025,1.198717356,5.484076665,-0.00032739,1.985519149,1.310283352,3.864285339,5.397644824,4.129131618,2.058806887,4.762203593
cs 2,4/4/1945,2.755141561,1.550761565,4.931276894,1.854856741,2.238691279,1.376352337,3.688506731,7.417874771,6.411703611,2.815495199,5.894164707
cs 2,4/5/1945,3.006839467,0.953010392,4.267654057,1.925686439,2.02091224,1.410734271,3.425356784,6.172642792,5.960897822,2.627151583,5.33568258
cs 2,4/6/1945,5.37740124,0.761934041,0.513113322,2.281490757,2.403993447,1.734553009,2.086564401,3.277111693,5.555073247,2.436591134,6.174145057
cs 2,4/7/1945,1.599339068,0.99623481,3.099859741,1.160263175,1.762030529,1.218469717,2.669015864,2.661182742,3.44311664,1.699769082,3.9773939
cs 2,4/8/1945,2.802684559,1.400362338,2.931128429,1.810035111,2.180775681,1.382846711,2.782681005,2.752972957,4.260046117,1.963607351,5.129438523
cs 2,4/9/1945,1.380456391,0.462600736,0.946626266,2.684968657,1.479926182,1.188570343,1.651059165,4.263461816,5.113978986,2.245082481,3.809220914
cs 2,4/10/1945,4.824237669,2.097275168,4.80635403,1.751703392,2.892300842,1.658990866,3.959387841,2.804374727,4.830744246,2.264778671,6.972111824
cs 2,4/11/1945,4.889400281,0.824838683,3.911439118,2.791034149,2.335681912,1.667892078,3.5610556,3.213625987,5.719064957,2.539228294,6.071302423
cs 2,4/12/1945,2.284411924,1.896928589,5.414666358,2.331152945,2.300572604,1.312050669,3.834639869,2.891215272,4.515236085,2.15347852,5.468198513
cs 2,4/13/1945,2.071264971,1.315563902,6.316497697,2.898864877,1.998239443,1.282934795,4.212676745,3.988904565,5.328688858,2.444531574,5.06510474
cs 2,4/14/1945,1.681760749,1.607088553,5.293480708,1.354631787,2.051720899,1.229728518,3.683787952,2.692673038,3.608958845,1.909260393,4.726800439
cs 2,4/15/1945,1.530972781,0.289099456,4.675524017,2.85147575,1.432026135,1.209130882,3.377702149,3.609598073,4.967440624,2.248739769,3.729590737
cs 2,4/16/1945,2.56585682,0.82561253,1.906701651,3.72396321,1.876722021,1.350496042,2.277345813,2.562241352,5.360136039,2.356721687,4.798949378
cs 2,4/17/1945,-0.006316557,0.654194258,5.226849856,3.366421486,1.291546809,0.999137158,3.385821386,5.745884149,5.838357192,2.575734096,3.558370749
cs 2,4/18/1945,2.597115861,1.020467333,1.865739432,2.002603262,1.970111631,1.354766027,2.263594741,1.882638086,3.928368035,1.815029028,4.574100529
cs 2,4/19/1945,4.554264403,0.810581459,1.750460575,2.756660908,2.263052903,1.622112518,2.521137417,3.941454499,5.932717672,2.597349243,5.939590869
cs 2,4/20/1945,3.783218225,1.020649586,6.010336297,0.558233284,2.204655876,1.51678761,4.344193098,3.441191018,4.0376458,2.143889187,5.404738586
cs 2,4/21/1945,4.242289072,0.298286709,4.257909603,2.329483258,1.97209724,1.579496687,3.616710825,4.172283964,5.667730123,2.521719036,5.269338634
cs 2,4/22/1945,5.319775613,0.978408645,6.196205203,0.854560514,2.489489087,1.726681349,4.672595226,3.662762459,4.778551985,2.366477091,6.286749177
cs 2,4/23/1945,5.58743968,1.518560733,2.641423671,2.750452188,2.784153535,1.76324426,3.091738339,3.674850315,6.10577539,2.678779481,7.141780457
cs 2,4/24/1945,1.319667138,1.489263964,4.770102895,2.698174352,1.927409738,1.180266531,3.387401872,1.446832834,3.815334371,1.898923364,4.436455943
cs 2,4/25/1945,1.043995648,0.672212606,4.514532069,2.980926797,1.507231586,1.142609805,3.227005764,2.281008917,4.303016202,2.013938173,3.656271782
cs 2,4/26/1945,4.877091372,0.602767602,3.351267188,0.439487535,2.233857174,1.666210681,3.303304258,1.292484249,3.292633595,1.781095181,5.284857324
cs 2,4/27/1945,0.623238958,0.141403268,1.08253177,0.931052603,1.186486069,1.085134442,1.593110133,4.811926614,3.994823439,1.800683483,2.810871972
cs 2,4/28/1945,2.3663056,1.152529285,0.645711552,2.472271308,1.983592739,1.323237345,1.669892695,1.287211575,3.897103725,1.773250416,4.5481372
cs 2,4/29/1945,3.307755286,0.447232975,3.267649611,0.876216484,1.854026719,1.451839372,3.01639981,5.398251899,5.004745821,2.242560783,4.733425808
cs 2,4/30/1945,1.105905095,1.417040651,1.508195048,-1.30852418,1.852829611,1.151066636,1.863984504,4.755179851,2.638904517,1.391090567,3.878167868
cs 2,5/1/1945,1.703558713,1.218586379,1.804314066,2.691735033,1.882149251,1.23270612,2.09392707,2.110982794,4.226391213,1.908575735,4.387952572
cs 2,5/2/1945,5.396955263,0.956586451,5.055797921,2.215134756,2.494978684,1.737224089,4.164064318,4.163501285,5.923059105,2.647936943,6.520478774
cs 2,5/3/1945,4.745175524,0.190756308,4.091575899,2.635909352,2.023378268,1.648190977,3.620456545,3.34862328,5.637311215,2.510892212,5.409714522
cs 2,5/4/1945,4.855118284,0.885760625,3.263274441,2.865805033,2.356171842,1.663209158,3.259640213,0.110897818,4.337496848,2.036757214,5.724246853
cs 2,5/5/1945,6.605323261,0.816250843,5.146950193,0.323901729,2.6710332,1.902287157,4.397200385,1.134802691,3.645075917,2.104521387,6.567314642
cs 2,5/6/1945,1.246681801,1.779637298,3.346046134,2.505832608,2.042943746,1.170296734,2.7255441,4.318299441,4.982789994,2.218452753,4.906539108
cs 2,5/7/1945,5.206633921,1.250679802,3.498402317,1.704155067,2.588983262,1.711226194,3.4227215,3.387930769,5.177487237,2.331276158,6.449149679
cs 2,5/8/1945,2.522732817,1.661755573,1.362104826,3.02254382,2.242427102,1.344605303,2.021822968,1.863107853,4.567216809,2.036087823,5.28323448
cs 2,5/9/1945,2.621555406,1.06070253,1.343406539,1.213510093,1.992950642,1.358104468,2.028946646,3.045360673,3.950004848,1.809091527,4.617608994
cs 2,5/10/1945,2.377536056,0.896705197,6.31718511,3.083639153,1.871314427,1.324771425,4.261530909,2.794120741,4.991562939,2.348004943,4.764281449
cs 2,5/11/1945,3.5758473,2.348436148,2.597011088,3.071807968,2.757936631,1.488460741,2.752644442,2.149930371,5.035861369,2.242904924,6.572105021
cs 2,5/12/1945,-1.19119513,1.569503887,3.886818794,2.023449011,1.466987972,0.837282745,2.586112031,2.044439764,2.9190405,1.545451034,3.013109054
cs 2,5/13/1945,2.277142902,0.849079443,3.242878818,2.154427187,1.830153527,1.31105772,2.841748724,3.235467371,4.554784843,2.067970937,4.457944931
cs 2,5/14/1945,0.917596618,1.435387861,2.469228437,2.349370345,1.823817347,1.125343698,2.272992384,3.504967348,4.412392422,1.983428743,4.256733721
cs 2,5/15/1945,2.560605522,0.39503987,7.40049016,0.393822945,1.682974073,1.349778714,4.785232621,1.642175093,2.751931989,2.146929704,4.24887741
cs 2,5/16/1945,4.754076089,0.600357522,2.729297415,1.083369907,2.208461468,1.649406794,2.999787529,1.923536932,3.968506875,1.898673848,5.312801792
cs 2,5/17/1945,-2.461433349,0.417558656,5.349640036,2.223487346,0.700321655,0.663768205,3.052786787,4.709222079,3.902631218,1.867166714,1.605473591
cs 2,5/18/1945,4.135974469,0.665788305,4.386039396,2.53676024,2.115562914,1.564974113,3.658371263,2.941047411,5.209195381,2.357033794,5.421377836
cs 2,5/19/1945,4.545025182,0.74090188,2.403524647,2.970980978,2.230040295,1.62085044,2.817892509,3.178051729,5.721134376,2.515939931,5.810112407
cs 2,5/20/1945,5.954132867,1.40917713,6.391760114,2.837726225,2.807683141,1.81333455,4.862432632,2.787768678,5.86305724,2.688657677,7.22993734
cs 2,5/21/1945,2.525204758,0.948057778,4.875509877,1.145636903,1.923488519,1.34494297,3.62659872,2.177754748,3.480292055,1.874435045,4.519515445
cs 2,5/22/1945,3.67264733,0.005546126,1.318406462,1.888612321,1.728472483,1.501683625,2.184115799,4.263921333,5.255401536,2.313804888,4.569254607
cs 2,5/23/1945,2.366833818,1.128610615,2.816131257,1.991257281,1.972991959,1.3233095,2.661090886,1.730356057,3.784504173,1.799902465,4.547335133
cs 2,5/24/1945,2.53300239,1.976727849,3.329523311,1.558288307,2.385428177,1.346008127,2.921865258,2.318938075,3.817997876,1.838414303,5.419669813
cs 2,5/25/1945,2.833416142,0.885920919,2.24107845,1.860988364,1.956603799,1.387044645,2.472442709,2.8639322,4.353191024,1.975801407,4.691697784
cs 2,5/26/1945,1.123219183,0.725996132,4.582116878,2.56286505,1.546963796,1.15343174,3.270424099,3.61864515,4.664097878,2.135327973,3.836241679
cs 2,5/27/1945,2.075060688,1.171728575,2.625093275,0.575086515,1.934613887,1.28345329,2.527611558,1.429249217,2.632775226,1.491991192,4.207806149
cs 2,5/28/1945,5.195369602,0.963305046,3.072311816,1.10381337,2.458137275,1.709687488,3.226363522,3.39582601,4.783867882,2.179784537,6.069443113
cs 2,5/29/1945,-0.025705493,0.552206482,3.942897935,2.295546546,1.242067791,0.99648863,2.796436375,4.27085779,4.454584005,2.025777849,3.035863302
cs 2,5/30/1945,4.55044529,0.960288843,7.840223662,0.59466271,2.32930197,1.621590827,5.30140089,1.714869431,3.493276063,2.379436647,5.905203932
cs 2,5/31/1945,4.901814815,0.271378227,4.340808284,2.618937562,2.090425595,1.669587904,3.759093063,2.581507581,5.320281663,2.404253578,5.476802211
cs 2,6/1/1945,1.709743775,0.710164359,3.554397171,2.557333979,1.655819219,1.233551,2.894076583,5.00397607,5.464654827,2.412787235,4.320692884
cs 2,6/2/1945,4.009478576,1.439142877,5.023767877,1.182227426,2.436685448,1.547694773,3.929539649,-0.143494499,2.871273351,1.870659375,5.68159449
cs 2,6/3/1945,2.247499554,0.630981159,1.48263308,2.421084998,1.726680296,1.307008439,2.033240628,1.42414831,3.8918086,1.787696549,4.032809745
cs 2,6/4/1945,3.144890937,1.271406943,2.086186885,1.685461823,2.190705181,1.429592102,2.45107701,3.780395906,4.747844947,2.120946514,5.301076929
cs 2,6/5/1945,4.135327088,0.511150844,1.121408233,2.486838683,2.046224395,1.56488568,2.167486397,1.415791392,4.477847554,2.010992332,5.016985662
cs 2,6/6/1945,1.947218273,1.452259091,4.458264205,1.739542371,2.03489871,1.265990016,3.344461098,3.179109827,4.161166252,1.986942679,4.776725241
cs 2,6/7/1945,5.535955086,1.483548958,3.252904031,0.991807972,2.758306225,1.756211465,3.362808996,3.468558564,4.842301754,2.210643303,6.726478926
cs 2,6/8/1945,3.657893134,1.467806978,7.324141689,2.700557798,2.380014919,1.499668202,4.924275169,3.645802422,5.500934933,2.588821191,6.086219
cs 2,6/9/1945,1.26503981,0.856215822,2.642610707,0.074941056,1.633280146,1.172804438,2.407232325,1.628076138,2.161015145,1.38046766,3.443902167
cs 2,6/10/1945,2.681012684,1.891046526,-0.047155286,1.149445415,2.376338009,1.366226333,1.40337477,3.326489352,4.053907442,1.823549927,5.403503982
cs 2,6/11/1945,2.210015638,1.896599099,3.64352257,1.133297953,2.285718857,1.301888136,3.014062416,4.475308806,4.432942916,2.038322048,5.343372223
cs 2,6/12/1945,4.336397875,0.501964407,1.787826995,2.091259378,2.081859503,1.59235195,2.503671452,2.917973476,4.964314127,2.207776754,5.257597284
cs 2,6/13/1945,5.854531834,1.176603207,2.882536988,1.553055079,2.68390222,1.799729049,3.244172755,3.261246774,5.207952244,2.333261846,6.700114321
cs 2,6/14/1945,3.073032107,1.261314113,2.505598788,1.247988691,2.171983281,1.419776186,2.631211216,5.167886195,5.075262184,2.252952297,5.358125522
cs 2,6/15/1945,4.202148998,1.005015677,2.933520517,1.533187312,2.280470765,1.574013553,3.005571521,1.50293849,3.911272234,1.880734786,5.393346018
cs 2,6/16/1945,3.70694884,0.86403632,0.49764354,2.778467381,2.119484482,1.506369212,1.814753691,-0.301540828,3.758820385,1.7367763,4.914890389
cs 2,6/17/1945,4.987472198,0.650033023,2.61163115,1.850125708,2.276831112,1.681288702,2.983046105,3.549372384,5.28373328,2.348742255,5.8161465
cs 2,6/18/1945,3.883780716,1.07575078,5.852256823,1.229905217,2.249196006,1.530524446,4.287944603,6.249955574,5.793656506,2.609218838,5.859869006
cs 2,6/19/1945,4.188680057,1.535562875,4.138721577,2.252902193,2.515263445,1.572173696,3.553787655,3.524348425,5.305265664,2.38409709,6.249056175
cs 2,6/20/1945,1.190766944,1.033956619,6.647120792,1.841612093,1.69814909,1.162658765,4.224106329,5.570106953,5.103894557,2.375066708,4.329513818
cs 2,6/21/1945,4.341436656,1.725155313,0.972664701,2.267845378,2.630314815,1.593040247,2.132229062,4.662918277,5.880650143,2.57100299,6.637078763
cs 2,6/22/1945,2.189665199,0.841978597,2.396921348,1.099979531,1.80968328,1.299108266,2.441581083,7.348588999,5.720830586,2.506931675,4.745291163
cs 2,6/23/1945,3.255332624,1.633990847,2.967758105,0.030554094,2.374817139,1.444678436,2.871147057,3.725847117,3.668823493,1.793116088,5.429388375
cs 2,6/24/1945,2.570904094,0.572536106,5.958597657,2.033548741,1.764451211,1.351185499,4.128429713,2.631588308,4.284021799,2.144493023,4.411460465
cs 2,6/25/1945,4.896441333,0.703987715,4.128765707,2.411901878,2.282984907,1.668853886,3.661412939,4.082464328,5.870132066,2.601536504,6.013935961
cs 2,6/26/1945,2.674178126,1.806652518,1.758635656,1.517260341,2.337215057,1.365292732,2.226899617,5.713863093,5.386460112,2.366640982,5.740552517
cs 2,6/27/1945,2.944657449,1.146867114,5.990522472,1.549521068,2.095384189,1.402240207,4.20224345,3.86881525,4.641132967,2.244430835,5.186190482
cs 2,6/28/1945,2.75531079,0.798082413,6.341828832,2.33976287,1.901850758,1.376375454,4.332657101,4.946994167,5.598579231,2.545491849,5.011277602
cs 2,6/29/1945,2.365554941,1.317152345,2.0391228,1.430771564,2.057124119,1.323134805,2.306070038,5.468133187,5.127807581,2.263487063,5.071317156
cs 2,6/30/1945,5.302555184,1.390484482,3.2147895,2.442874587,2.67051638,1.724329038,3.30841307,1.925763585,5.020536678,2.268210545,6.573174579
cs 2,7/1/1945,0.847419228,1.334359928,3.074510175,4.259130449,1.764728319,1.115757466,2.53826988,1.610943503,4.778088568,2.132216576,4.245784637
cs 2,7/2/1945,2.194109224,0.78386504,2.204668359,0.816520629,1.784552071,1.29971532,2.354493761,3.787558324,3.905538222,1.8120965,4.162790521
cs 2,7/3/1945,1.673000525,0.824813979,5.829092358,1.269049152,1.69986933,1.228531872,3.926984727,3.169424442,3.768558248,1.993381058,4.08435014
cs 2,7/4/1945,1.639940373,0.200182364,5.917391506,1.822825306,1.413769982,1.224015855,3.962066586,2.667057911,3.892369286,2.025279524,3.531625045
cs 2,7/5/1945,3.551636917,1.106094875,4.932661445,3.008321265,2.197120511,1.485153603,3.815373857,3.875873944,5.777479394,2.572585287,5.697064919
cs 2,7/6/1945,2.273204166,0.479992837,7.089850051,3.808212899,1.664184138,1.310519689,4.597830278,1.495378841,4.842166751,2.363086133,4.350663535
cs 2,7/7/1945,1.078581465,1.323439196,0.934418608,3.106227245,1.805535539,1.147334228,1.597641059,3.095685347,4.768292472,2.1031508,4.326439208
cs 2,7/8/1945,1.335139517,1.151071658,2.228974875,1.831616634,1.779104693,1.182380058,2.229456942,3.157550756,4.034460008,1.845528039,4.099318051
cs 2,7/9/1945,3.203261147,1.02302225,7.718748212,1.973281326,2.091074839,1.437565473,5.032417172,4.98131843,5.503520024,2.606454812,5.478501559
cs 2,7/10/1945,2.846532915,1.940444359,3.483607207,2.040119777,2.43116602,1.388836396,3.041917917,2.713110257,4.405484212,2.032837654,5.688979857
cs 2,7/11/1945,2.262800941,1.683276448,0.954531575,2.997655421,2.200677114,1.309098608,1.79451003,1.95877834,4.519414163,2.010728838,5.156362982
cs 2,7/12/1945,2.118481417,1.506785164,4.272948233,2.63020938,2.09315718,1.289384562,3.286980351,3.341455114,4.869597781,2.208605238,5.079091283
cs 2,7/13/1945,2.71939866,1.794277769,3.066653306,2.655744038,2.340615499,1.371469857,2.831368154,2.937334816,4.875337811,2.184487592,5.611902601
cs 2,7/14/1945,2.792411971,1.063821429,3.664117147,3.632692381,2.028120612,1.381443475,3.115769628,4.968516837,6.467659697,2.827050084,5.483824881
cs 2,7/15/1945,2.74834644,1.577904134,2.888408927,0.435836652,2.249496159,1.375424124,2.754561362,4.437675384,4.11390475,1.913050867,5.223663833
cs 2,7/16/1945,2.804884136,0.990871166,4.3955851,1.442532871,1.997935952,1.383147173,3.451768567,2.413265296,3.863962178,1.925298546,4.733347802
cs 2,7/17/1945,2.819516014,0.857722909,3.174757659,1.341245061,1.941235608,1.385145888,2.896601013,4.333058419,4.680783835,2.117146841,4.767907826
