cs1,cs2,week,sales,tv,web,search,display,dts,gqv
a,cs 1,12/30/1944,1.011616433,1.623645233,-0.469817717,-1.907826271,0.5,0.938008554,0.811822617
a,cs 1,12/31/1944,1.244985725,-1.248261979,0.991547876,1.005946716,0.5,-0.51439884,-0.62413099
a,cs 1,1/1/1945,1.712217915,2.741226154,0.717376923,0.414173496,0.5,-0.196796573,1.370613077
a,cs 1,1/2/1945,1.267261346,-0.674904828,0.842377535,0.695654749,0.5,-0.353277214,-0.337452414
a,cs 1,1/3/1945,2.369796312,3.872123652,1.921671619,2.875060255,0.5,-1.453388636,1.936061826
a,cs 1,1/4/1945,1.522228766,3.85732591,-0.045179833,-1.078123827,0.5,0.532943994,1.928662955
a,cs 1,1/5/1945,1.955676854,0.944748177,1.877521975,2.747840186,0.5,-1.370318211,0.472374089
a,cs 1,1/6/1945,1.34200356,-1.165831196,1.138223419,1.256152012,0.5,-0.617928593,-0.582915598
a,cs 1,1/7/1945,0.972408564,-0.889596667,0.229195303,-0.535025066,0.5,0.264220369,-0.444798334
a,cs 1,1/8/1945,1.103850258,0.747532073,-0.004255024,-1.004338113,0.5,0.500083089,0.373766037
a,cs 1,1/9/1945,2.239072639,0.539702937,2.685692798,4.385525432,0.5,-2.199832634,0.269851469
a,cs 1,1/10/1945,2.163045835,-0.309472597,2.782749819,4.575687347,0.5,-2.292937528,-0.154736299
a,cs 1,1/11/1945,0.336804761,-3.339411552,-0.428365842,-1.844336936,0.5,0.915971094,-1.669705776
a,cs 1,1/12/1945,1.562338147,0.158919537,1.268324887,1.563874198,0.5,-0.795549311,0.079459769
a,cs 1,1/13/1945,1.597757922,0.42436019,1.265256368,1.55937775,0.5,-0.794121382,0.212180095
a,cs 1,1/14/1945,0.416037228,0.366190101,-1.449331753,-3.88350438,0.5,1.934172627,0.183095051
a,cs 1,1/15/1945,1.423254219,-2.879898751,1.917602191,2.844909233,0.5,-1.427307042,-1.439949376
a,cs 1,1/16/1945,1.335755402,-2.077319045,1.459240569,1.931797472,0.5,-0.972556903,-1.038659523
a,cs 1,1/17/1945,0.624176984,-1.346259523,-0.370590559,-1.689008847,0.5,0.818418288,-0.673129762
a,cs 1,1/18/1945,1.033552342,-1.926145199,0.720998011,0.460521559,0.5,-0.239523548,-0.9630726
a,cs 1,1/19/1945,1.268731065,2.074420183,-0.109708871,-1.261059121,0.5,0.65135025,1.037210092
a,cs 1,1/20/1945,0.378028598,1.0371499,-1.774126376,-4.549571827,0.5,2.275445451,0.51857495
a,cs 1,1/21/1945,0.948617582,-1.582129331,0.394548683,-0.209002744,0.5,0.103551427,-0.791064666
a,cs 1,1/22/1945,1.706620998,-2.058563726,2.263082214,3.502101671,0.5,-1.739019457,-1.029281863
a,cs 1,1/23/1945,0.76973871,-2.870611136,0.388456333,-0.233508401,0.5,0.121964734,-1.435305568
a,cs 1,1/24/1945,1.62781798,1.169673037,1.06363701,1.131689985,0.5,-0.568052975,0.584836519
a,cs 1,1/25/1945,0.927746453,1.467462901,-0.672331184,-2.365441004,0.5,1.19310982,0.733731451
a,cs 1,1/26/1945,0.987468277,-1.227252544,0.32028628,-0.399340752,0.5,0.219627032,-0.613626272
a,cs 1,1/27/1945,0.606457546,-0.21321709,-0.865278998,-2.752366847,0.5,1.387087849,-0.106608545
a,cs 1,1/28/1945,2.197753396,3.744801308,1.534125433,2.070987047,0.5,-1.036861614,1.872400654
a,cs 1,1/29/1945,1.071138928,0.315016476,0.054051406,-0.89404676,0.5,0.448098166,0.157508238
a,cs 1,1/30/1945,0.977296368,0.808787525,-0.298862493,-1.579301883,0.5,0.78043939,0.404393763
a,cs 1,1/31/1945,0.816603452,1.2236862,-0.811804353,-2.612406305,0.5,1.300601952,0.6118431
a,cs 1,2/1/1945,1.4995937,0.834899523,0.92021151,0.881783519,0.5,-0.461572009,0.417449762
a,cs 1,2/2/1945,1.999856779,2.186098841,1.583089231,2.166005609,0.5,-1.082916378,1.093049421
a,cs 1,2/3/1945,1.467275253,-1.785823663,1.689578678,2.412267129,0.5,-1.222688451,-0.892911832
a,cs 1,2/4/1945,1.41688695,0.109033206,0.948021284,0.921501501,0.5,-0.473480217,0.054516603
a,cs 1,2/5/1945,1.203786931,0.955680976,0.155129122,-0.687909628,0.5,0.34303875,0.477840488
a,cs 1,2/6/1945,1.721558653,1.91197915,1.0107913,1.002714617,0.5,-0.491923317,0.955989575
a,cs 1,2/7/1945,0.805779062,3.881195546,-1.760733658,-4.561466087,0.5,2.300732429,1.940597773
a,cs 1,2/8/1945,2.114928239,4.473114826,1.087743029,1.161878435,0.5,-0.574135406,2.236557413
a,cs 1,2/9/1945,1.42365654,1.239119938,0.600878924,0.231730854,0.5,-0.13085193,0.619559969
a,cs 1,2/10/1945,2.18830544,1.473362119,2.293541686,3.626059659,0.5,-1.832517973,0.73668106
a,cs 1,2/11/1945,1.240736579,1.885626753,-0.075437407,-1.160172931,0.5,0.584735524,0.942813377
a,cs 1,2/12/1945,0.938944344,-3.026621675,0.848527677,0.704145457,0.5,-0.35561778,-1.513310838
a,cs 1,2/13/1945,1.280682301,1.487507106,0.163357205,-0.667524144,0.5,0.330881349,0.743753553
a,cs 1,2/14/1945,1.211310323,2.360645601,-0.302329395,-1.617933716,0.5,0.815604321,1.180322801
a,cs 1,2/15/1945,1.512458402,3.67226648,-0.008020733,-1.004342314,0.5,0.496321581,1.83613324
a,cs 1,2/16/1945,1.051636933,-1.785926707,0.678860288,0.343129935,0.5,-0.164269647,-0.892963354
a,cs 1,2/17/1945,1.181711184,-0.631288896,0.597884833,0.177500303,0.5,-0.07961547,-0.315644448
a,cs 1,2/18/1945,2.454480396,1.4766043,2.858775343,4.716637334,0.5,-2.357861991,0.73830215
a,cs 1,2/19/1945,2.492264316,1.355814731,3.008507664,5.036548791,0.5,-2.528041127,0.677907366
a,cs 1,2/20/1945,1.412714714,-0.612633826,1.162563044,1.34119043,0.5,-0.678627386,-0.306316913
a,cs 1,2/21/1945,1.316321372,3.451531056,-0.39508735,-1.785297179,0.5,0.890209829,1.725765528
a,cs 1,2/22/1945,2.248002614,2.099909105,2.220495931,3.474432262,0.5,-1.753936331,1.049954553
a,cs 1,2/23/1945,1.464671274,2.087735092,0.404537316,-0.173475287,0.5,0.078012603,1.043867546
a,cs 1,2/24/1945,0.086235908,-0.287594176,-2.011272513,-5.02155418,0.5,2.510281667,-0.143797088
a,cs 1,2/25/1945,0.904190533,-0.238976117,-0.143711232,-1.284495171,0.5,0.640783939,-0.119488059
a,cs 1,2/26/1945,1.425777203,-1.87981829,1.609464364,2.238754326,0.5,-1.129289962,-0.939909145
a,cs 1,2/27/1945,1.329462288,-0.345964728,0.873069521,0.752453277,0.5,-0.379383756,-0.172982364
a,cs 1,2/28/1945,1.494127752,-0.072875295,1.16277844,1.331792893,0.5,-0.669014453,-0.036437648
a,cs 1,3/1/1945,0.903586565,-0.938196306,0.08977279,-0.811230649,0.5,0.401003439,-0.469098153
a,cs 1,3/2/1945,0.637065336,0.84536224,-1.09414833,-3.170658812,0.5,1.576510482,0.42268112
a,cs 1,3/3/1945,0.930744633,-2.159890106,0.516573037,0.013338319,0.5,0.003234718,-1.079945053
a,cs 1,3/4/1945,0.888657895,0.962485992,-0.557363513,-2.100313012,0.5,1.042949499,0.481242996
a,cs 1,3/5/1945,1.449886475,-1.292898245,1.473845534,1.967522617,0.5,-0.993677083,-0.646449123
a,cs 1,3/6/1945,1.665887744,1.790820979,0.934384988,0.860497875,0.5,-0.426112887,0.89541049
a,cs 1,3/7/1945,0.743193559,-1.249429944,-0.157240241,-1.287392876,0.5,0.630152635,-0.624714972
a,cs 1,3/8/1945,-0.059514083,-2.811128675,-1.501906583,-3.982799045,0.5,1.980892462,-1.405564338
a,cs 1,3/9/1945,0.755452626,-4.726431523,0.966723387,0.929075228,0.5,-0.462351841,-2.363215762
a,cs 1,3/10/1945,1.281481672,-2.61576223,1.459096864,1.887494508,0.5,-0.928397644,-1.307881115
a,cs 1,3/11/1945,1.807646272,1.914350167,1.220001544,1.431565974,0.5,-0.71156443,0.957175084
a,cs 1,3/12/1945,0.885561713,-3.23003355,0.777729204,0.550157809,0.5,-0.272428605,-1.615016775
a,cs 1,3/13/1945,1.460415767,-0.21087267,1.129685422,1.265183966,0.5,-0.635498544,-0.105436335
a,cs 1,3/14/1945,1.475940517,-1.384078565,1.56386892,2.147934105,0.5,-1.084065185,-0.692039283
a,cs 1,3/15/1945,2.020118403,2.820271777,1.451691855,1.927960906,0.5,-0.976269051,1.410135889
a,cs 1,3/16/1945,1.343174045,0.740053064,0.522633888,0.026871524,0.5,-0.004237636,0.370026532
a,cs 1,3/17/1945,2.266039634,2.997569328,1.931105973,2.862052594,0.5,-1.430946621,1.498784664
a,cs 1,3/18/1945,0.374362779,-3.969172292,-0.104222533,-1.167573472,0.5,0.563350939,-1.984586146
a,cs 1,3/19/1945,0.683720049,0.421416374,-0.845796848,-2.671314985,0.5,1.325518137,0.210708187
a,cs 1,3/20/1945,0.666075295,-1.957986961,-0.123831285,-1.237883891,0.5,0.614052606,-0.978993481
a,cs 1,3/21/1945,0.857030216,-0.158003869,-0.28043897,-1.559608166,0.5,0.779169196,-0.079001935
a,cs 1,3/22/1945,0.813653604,-0.569436331,-0.229006719,-1.441743753,0.5,0.712737034,-0.284718166
a,cs 1,3/23/1945,2.003330036,2.14139177,1.597928938,2.188986547,0.5,-1.091057609,1.070695885
a,cs 1,3/24/1945,1.164602115,0.323428266,0.317514109,-0.322552025,0.5,0.140066134,0.161714133
a,cs 1,3/25/1945,2.127130366,3.169026544,1.571247323,2.155752133,0.5,-1.08450481,1.584513272
a,cs 1,3/26/1945,0.577523905,2.517257196,-1.798105527,-4.598342147,0.5,2.30023662,1.258628598
a,cs 1,3/27/1945,1.661005325,2.712638392,0.63998794,0.28642772,0.5,-0.14643978,1.356319196
a,cs 1,3/28/1945,1.234107024,-1.726247727,1.138619062,1.314421541,0.5,-0.675802479,-0.863123864
a,cs 1,3/29/1945,0.906391448,-0.616133769,-0.029095828,-1.066770235,0.5,0.537674407,-0.308066885
a,cs 1,3/30/1945,1.537212493,0.710661038,0.985091428,0.957554075,0.5,-0.472462647,0.355330519
a,cs 1,3/31/1945,0.752916476,2.082078752,-1.220596511,-3.415094768,0.5,1.694498257,1.041039376
a,cs 1,4/1/1945,0.265809262,-3.18784569,-0.697058194,-2.430483093,0.5,1.233424899,-1.593922845
a,cs 1,4/2/1945,1.271312335,3.342337577,-0.439066333,-1.85239602,0.5,0.913329687,1.671168789
a,cs 1,4/3/1945,1.086432254,1.721467143,-0.347742837,-1.679454306,0.5,0.831711469,0.860733572
a,cs 1,4/4/1945,1.816291139,-1.220077494,2.288416233,3.592843466,0.5,-1.804427233,-0.610038747
a,cs 1,4/5/1945,2.176713963,2.046854067,2.096536298,3.246271318,0.5,-1.64973502,1.023427034
a,cs 1,4/6/1945,1.370097664,2.419691978,0.043394998,-0.926691832,0.5,0.47008683,1.209845989
a,cs 1,4/7/1945,1.690901831,-1.788624026,2.167037302,3.33434927,0.5,-1.667311968,-0.894312013
a,cs 1,4/8/1945,0.824700784,-2.12159228,0.294919959,-0.399793159,0.5,0.194713118,-1.06079614
a,cs 1,4/9/1945,0.699802516,-1.376614998,-0.243944,-1.485425446,0.5,0.741481446,-0.688307499
a,cs 1,4/10/1945,1.059699191,1.281934963,-0.268613473,-1.523351892,0.5,0.754738419,0.640967482
a,cs 1,4/11/1945,1.327277291,1.482037331,0.224291159,-0.587404952,0.5,0.311696111,0.741018666
a,cs 1,4/12/1945,1.109336473,0.501567293,0.080396396,-0.842027366,0.5,0.422423762,0.250783647
a,cs 1,4/13/1945,1.678457305,0.777520365,1.307641652,1.619591711,0.5,-0.811950059,0.388760183
a,cs 1,4/14/1945,0.833401901,-0.284544954,-0.282831386,-1.555041783,0.5,0.772210397,-0.142272477
a,cs 1,4/15/1945,0.971555581,-0.285680757,0.022619504,-0.955140613,0.5,0.477760117,-0.142840379
a,cs 1,4/16/1945,1.039574027,-1.597982072,0.574379477,0.120643595,0.5,-0.046264118,-0.798991036
a,cs 1,4/17/1945,1.811067736,-0.537079349,2.046325427,3.101942822,0.5,-1.555617395,-0.268539675
a,cs 1,4/18/1945,0.781948114,0.30258539,-0.601341558,-2.199917748,0.5,1.09857619,0.151292695
a,cs 1,4/19/1945,0.759350345,0.677493802,-0.743533542,-2.456620253,0.5,1.213086711,0.338746901
a,cs 1,4/20/1945,1.145563675,2.161966299,-0.349559273,-1.67822042,0.5,0.828661147,1.08098315
a,cs 1,4/21/1945,1.098220933,-0.670850577,0.427527472,-0.155581522,0.5,0.083108994,-0.335425289
a,cs 1,4/22/1945,1.823497927,2.174019452,1.18882117,1.383901304,0.5,-0.695080134,1.087009726
a,cs 1,4/23/1945,1.883486479,1.518001122,1.528801892,2.053817409,0.5,-1.025015517,0.759000561
a,cs 1,4/24/1945,1.555103592,1.759112332,0.714019226,0.440721665,0.5,-0.226702439,0.879556166
a,cs 1,4/25/1945,1.817884119,2.911312725,0.911893732,0.809184768,0.5,-0.397291036,1.455656363
a,cs 1,4/26/1945,1.440948653,0.733780642,0.78217724,0.574339109,0.5,-0.292161869,0.366890321
a,cs 1,4/27/1945,1.421437168,0.019239455,0.96144013,0.925486738,0.5,-0.464046608,0.009619728
a,cs 1,4/28/1945,1.814108985,2.062808512,1.201050135,1.40628695,0.5,-0.705236815,1.031404256
a,cs 1,4/29/1945,1.838813038,1.224829802,1.467309617,1.883705002,0.5,-0.916395385,0.612414901
a,cs 1,4/30/1945,1.129313501,0.776643794,0.058188018,-0.867834581,0.5,0.426022599,0.388321897
a,cs 1,5/1/1945,1.934580443,0.897828967,1.873663798,2.765678236,0.5,-1.392014438,0.448914484
a,cs 1,5/2/1945,0.788278268,2.615775169,-1.325089327,-3.634579554,0.5,1.809490227,1.307887585
a,cs 1,5/3/1945,1.676106986,3.123469108,0.542252764,0.092070731,0.5,-0.049817967,1.561734554
a,cs 1,5/4/1945,1.187851347,-0.89561718,0.692726666,0.362546966,0.5,-0.1698203,-0.44780859
a,cs 1,5/5/1945,1.799356229,1.037499278,1.478148324,1.940686731,0.5,-0.962538407,0.518749639
a,cs 1,5/6/1945,1.692959362,2.254280757,0.857548338,0.717071697,0.5,-0.359523359,1.127140379
a,cs 1,5/7/1945,0.284085728,-1.747241405,-1.140731356,-3.332364601,0.5,1.691633245,-0.873620703
a,cs 1,5/8/1945,1.734114896,2.525364308,0.849249892,0.687693345,0.5,-0.338443453,1.262682154
a,cs 1,5/9/1945,1.918241257,0.09090534,2.034995007,3.032869741,0.5,-1.497874734,0.04545267
a,cs 1,5/10/1945,1.584774902,0.651277925,1.149287329,1.31679834,0.5,-0.667511011,0.325638963
a,cs 1,5/11/1945,1.908450962,0.088118564,2.096165884,3.227198964,0.5,-1.63103308,0.044059282
a,cs 1,5/12/1945,0.621513038,-0.190035002,-0.829535479,-2.673344212,0.5,1.343808733,-0.095017501
a,cs 1,5/13/1945,1.518466279,-0.796907656,1.439278534,1.871587954,0.5,-0.93230942,-0.398453828
a,cs 1,5/14/1945,0.992119713,3.034484106,-0.985167802,-2.948274285,0.5,1.463106483,1.517242053
a,cs 1,5/15/1945,1.580003921,2.325614117,0.564244161,0.121504136,0.5,-0.057259975,1.162807059
a,cs 1,5/16/1945,1.138230011,1.399584883,-0.113542791,-1.202110795,0.5,0.588568004,0.699792442
a,cs 1,5/17/1945,1.053385138,-1.256814295,0.538282999,0.086025575,0.5,-0.047742576,-0.628407148
a,cs 1,5/18/1945,1.035815396,2.582649204,-0.723436334,-2.412512463,0.5,1.189076129,1.291324602
a,cs 1,5/19/1945,1.128997715,-1.003446975,0.620953127,0.243763383,0.5,-0.122810256,-0.501723488
a,cs 1,5/20/1945,1.011886091,-1.941456492,0.650428832,0.297012084,0.5,-0.146583252,-0.970728246
a,cs 1,5/21/1945,1.302127,-0.847725974,0.968447699,0.938770575,0.5,-0.470322876,-0.423862987
a,cs 1,5/22/1945,0.841193205,-0.67054108,-0.15890681,-1.324286026,0.5,0.665379216,-0.33527054
a,cs 1,5/23/1945,1.377760027,0.102195216,0.867897163,0.767893118,0.5,-0.399995955,0.051097608
a,cs 1,5/24/1945,0.593713853,-1.791795256,-0.37637839,-1.770826622,0.5,0.894448232,-0.895897628
a,cs 1,5/25/1945,1.63271038,-1.140797023,1.825766379,2.654817531,0.5,-1.329051152,-0.570398512
a,cs 1,5/26/1945,0.847847967,-3.354338562,0.717633566,0.417941392,0.5,-0.200307826,-1.677169281
a,cs 1,5/27/1945,0.346424187,-2.216956814,-0.780260241,-2.555604518,0.5,1.275344277,-1.108478407
a,cs 1,5/28/1945,1.96054298,3.0340828,1.226674142,1.461926674,0.5,-0.735252532,1.5170414
a,cs 1,5/29/1945,2.124221458,0.386705718,2.427982318,3.832380005,0.5,-1.904397687,0.193352859
a,cs 1,5/30/1945,2.150628281,3.353753818,1.538021085,2.065707328,0.5,-1.027686243,1.676876909
a,cs 1,5/31/1945,1.267713728,1.015266766,0.293547504,-0.401684846,0.5,0.19523235,0.507633383
a,cs 1,6/1/1945,1.014734252,0.448325827,-0.117368322,-1.235407004,0.5,0.618038682,0.224162914
a,cs 1,6/2/1945,0.903808578,-0.903013214,0.061750957,-0.882126235,0.5,0.443877192,-0.451506607
a,cs 1,6/3/1945,0.858061388,-0.046522124,-0.320347444,-1.644631469,0.5,0.824284025,-0.023261062
a,cs 1,6/4/1945,1.492572712,-0.819753253,1.429185143,1.88794303,0.5,-0.958757887,-0.409876627
a,cs 1,6/5/1945,1.245458209,-0.566815823,0.744411805,0.488736889,0.5,-0.244325084,-0.283407912
a,cs 1,6/6/1945,0.700219751,-1.497048233,-0.211849349,-1.428255961,0.5,0.716406612,-0.748524117
a,cs 1,6/7/1945,1.168121071,-1.538504893,0.858098783,0.694556574,0.5,-0.336457791,-0.769252447
a,cs 1,6/8/1945,0.664650782,-0.600218141,-0.578006619,-2.153952209,0.5,1.07594559,-0.300109071
a,cs 1,6/9/1945,0.436307478,-0.689344411,-1.078219641,-3.157922774,0.5,1.579703133,-0.344672206
a,cs 1,6/10/1945,-0.024959698,-0.797330246,-2.074269387,-5.124251295,0.5,2.549981908,-0.398665123
a,cs 1,6/11/1945,2.018454759,0.916918841,2.040662,3.082556644,0.5,-1.541894644,0.458459421
a,cs 1,6/12/1945,1.078296913,-0.512859883,0.297733268,-0.443465851,0.5,0.241199119,-0.256429942
a,cs 1,6/13/1945,1.456068089,0.429194345,0.847229159,0.64454389,0.5,-0.297314731,0.214597173
a,cs 1,6/14/1945,0.823977551,0.968346781,-0.69619266,-2.367680935,0.5,1.171488275,0.484173391
a,cs 1,6/15/1945,1.455933362,1.486896345,0.572939532,0.15714928,0.5,-0.084209748,0.743448173
a,cs 1,6/16/1945,1.040123314,0.012606497,0.126061504,-0.710988367,0.5,0.337049871,0.006303249
a,cs 1,6/17/1945,0.573223388,-1.01083162,-0.664407209,-2.335283195,0.5,1.170875986,-0.50541581
a,cs 1,6/18/1945,1.140193225,0.682433753,0.144157824,-0.669564462,0.5,0.313722286,0.341216877
a,cs 1,6/19/1945,1.138895097,-0.291384324,0.434823556,-0.108562548,0.5,0.043386104,-0.145692162
a,cs 1,6/20/1945,1.74865131,-1.76307047,2.307485045,3.629117369,0.5,-1.821632324,-0.881535235
a,cs 1,6/21/1945,1.401690095,-0.256813518,0.959149311,0.880254041,0.5,-0.42110473,-0.128406759
a,cs 1,6/22/1945,0.800537344,0.340782243,-0.599229704,-2.220222106,0.5,1.120992402,0.170391122
a,cs 1,6/23/1945,0.936876237,-1.260441135,0.272634063,-0.444296741,0.5,0.216930804,-0.630220568
a,cs 1,6/24/1945,0.923825353,0.811171639,-0.449192249,-1.9030752,0.5,0.953882951,0.40558582
a,cs 1,6/25/1945,0.758087103,-0.628263972,-0.292763772,-1.530224335,0.5,0.737460563,-0.314131986
a,cs 1,6/26/1945,1.059111392,-2.031712538,0.816598094,0.653852978,0.5,-0.337254884,-1.015856269
a,cs 1,6/27/1945,0.994721477,3.056603809,-1.014311118,-3.030845968,0.5,1.51653485,1.528301905
a,cs 1,6/28/1945,1.568837654,-1.023910109,1.640325012,2.283507174,0.5,-1.143182162,-0.511955055
a,cs 1,6/29/1945,2.295592418,-0.065402131,2.962893061,4.896636588,0.5,-2.433743527,-0.032701066
a,cs 1,6/30/1945,0.573380677,0.142851772,-1.030489148,-3.05949834,0.5,1.529009192,0.071425886
a,cs 1,7/1/1945,1.16814483,0.006953367,0.372066853,-0.262688287,0.5,0.13475514,0.003476684
a,cs 1,7/2/1945,1.373613787,0.307944566,0.811807301,0.673478091,0.5,-0.36167079,0.153972283
a,cs 1,7/3/1945,0.415301868,0.041628501,-1.325934177,-3.619814927,0.5,1.79388075,0.020814251
a,cs 1,7/4/1945,0.176523429,-1.079845285,-1.55820994,-4.126302004,0.5,2.068092064,-0.539922643
a,cs 1,7/5/1945,1.472180162,1.32951727,0.677469518,0.380062324,0.5,-0.202592806,0.664758635
a,cs 1,7/6/1945,2.269876599,5.173804613,1.213773784,1.412014453,0.5,-0.698240669,2.586902307
a,cs 1,7/7/1945,1.584918788,-0.164512127,1.401716771,1.809931478,0.5,-0.908214707,-0.082256064
a,cs 1,7/8/1945,1.225229815,-1.623779475,1.040535253,1.079721692,0.5,-0.539186439,-0.811889738
a,cs 1,7/9/1945,0.719504539,-3.589182404,0.458175194,-0.136406847,0.5,0.094582041,-1.794591202
a,cs 1,7/10/1945,1.398718751,0.81398402,0.651083837,0.305316049,0.5,-0.154232212,0.40699201
a,cs 1,7/11/1945,1.250076649,0.950545517,0.289545422,-0.396218328,0.5,0.18576375,0.475272759
a,cs 1,7/12/1945,0.336833853,1.490858904,-1.985018555,-4.943915156,0.5,2.458896601,0.745429452
a,cs 1,7/13/1945,2.016759831,-1.459943839,2.847465845,4.728261584,0.5,-2.380795739,-0.72997192
a,cs 1,7/14/1945,0.217248851,-2.102883668,-1.114573603,-3.224313333,0.5,1.60973973,-1.051441834
a,cs 1,7/15/1945,1.407240205,-0.498470723,1.118565047,1.258202202,0.5,-0.639637155,-0.249235362
a,cs 1,7/16/1945,0.66552437,-0.840419556,-0.511477673,-2.032789285,0.5,1.021311612,-0.420209778
a,cs 1,7/17/1945,1.787581635,3.83239886,0.532620164,0.04218377,0.5,-0.009563606,1.91619943
a,cs 2,12/30/1944,1.290895835,2.704533428,0.134087532,-0.765450003,0.5,0.399537535,1.352266714
a,cs 2,12/31/1944,1.692878865,-2.303651121,2.153293694,3.268193994,0.5,-1.6149003,-1.151825561
a,cs 2,1/1/1945,1.109584662,-0.00445001,0.304640551,-0.386104899,0.5,0.19074545,-0.002225005
a,cs 2,1/2/1945,1.095555091,0.427287865,0.121906595,-0.799523888,0.5,0.421430483,0.213643933
a,cs 2,1/3/1945,1.727253473,1.425103463,1.47319161,1.920107364,0.5,-0.946915754,0.712551732
a,cs 2,1/4/1945,1.296693643,0.009168567,0.723703626,0.424187297,0.5,-0.200483671,0.004584284
a,cs 2,1/5/1945,0.654134527,2.08431297,-1.279667182,-3.586450281,0.5,1.806783099,1.042156485
a,cs 2,1/6/1945,0.391610612,-3.409527153,-0.755717719,-2.525163369,0.5,1.26944565,-1.704763577
a,cs 2,1/7/1945,1.555116243,-2.936966872,1.950143265,2.862061926,0.5,-1.411918661,-1.468483436
a,cs 2,1/8/1945,1.148061574,0.462438874,0.279595862,-0.453669963,0.5,0.233265825,0.231219437
a,cs 2,1/9/1945,0.55186115,-2.228848602,-0.649279122,-2.342995326,0.5,1.193716204,-1.114424301
a,cs 2,1/10/1945,1.085495878,1.73357796,-0.164677793,-1.363918983,0.5,0.69924119,0.86678898
a,cs 2,1/11/1945,1.078188675,4.183800279,-0.694481553,-2.423832407,0.5,1.229350854,2.09190014
a,cs 2,1/12/1945,1.6616816,-1.106851753,1.829714674,2.622943047,0.5,-1.293228373,-0.553425877
a,cs 2,1/13/1945,0.853403247,1.047952956,-0.605965885,-2.262144048,0.5,1.156178163,0.523976478
a,cs 2,1/14/1945,1.029052836,-0.046320295,0.105453254,-0.79412584,0.5,0.399579094,-0.023160148
a,cs 2,1/15/1945,0.911553907,2.351100505,-0.710434885,-2.449750739,0.5,1.239315854,1.175550253
a,cs 2,1/16/1945,1.210699662,0.259875558,0.445484638,-0.145700324,0.5,0.091184962,0.129937779
a,cs 2,1/17/1945,1.775694247,-1.399017503,2.20380801,3.400147184,0.5,-1.696339174,-0.699508752
a,cs 2,1/18/1945,0.988378425,-2.252726497,0.469817138,-0.063156602,0.5,0.03297374,-1.126363249
a,cs 2,1/19/1945,0.901249232,-0.953795043,-0.019179933,-1.045678727,0.5,0.526498794,-0.476897522
a,cs 2,1/20/1945,1.171181137,0.569683451,0.279887946,-0.480699958,0.5,0.260587904,0.284841726
a,cs 2,1/21/1945,1.415410516,-1.95590594,1.429040208,1.83962878,0.5,-0.910588572,-0.97795297
a,cs 2,1/22/1945,0.634920395,-3.60797868,-0.158601985,-1.361342461,0.5,0.702740476,-1.80398934
a,cs 2,1/23/1945,0.570711817,-2.046449055,-0.591020289,-2.185079554,0.5,1.094059265,-1.023224528
a,cs 2,1/24/1945,0.890626123,0.121257337,-0.277741159,-1.569534352,0.5,0.791793193,0.060628669
a,cs 2,1/25/1945,0.776045793,-0.564846055,-0.374108499,-1.729845774,0.5,0.855737275,-0.282423028
a,cs 2,1/26/1945,1.050340743,1.575694277,-0.245814107,-1.549560307,0.5,0.8037462,0.787847139
a,cs 2,1/27/1945,0.866907948,0.877779473,-0.49685783,-2.010533201,0.5,1.013675371,0.438889737
a,cs 2,1/28/1945,0.690218971,-0.007085876,-0.779456612,-2.606059769,0.5,1.326603157,-0.003542938
a,cs 2,1/29/1945,1.267707937,0.519374995,0.498595989,-0.065403403,0.5,0.063999392,0.259687498
a,cs 2,1/30/1945,0.518759321,-0.056251391,-1.182505597,-3.408568818,0.5,1.726063221,-0.028125696
a,cs 2,1/31/1945,1.87347272,0.748662268,1.939425651,2.826949766,0.5,-1.387524115,0.374331134
a,cs 2,2/1/1945,1.465008647,2.151261612,0.72285832,0.452396194,0.5,-0.229537874,1.075630806
a,cs 2,2/2/1945,1.376866431,2.84253936,0.335367758,-0.345921722,0.5,0.18128948,1.42126968
a,cs 2,2/3/1945,1.426556097,1.919453155,0.642812076,0.263751705,0.5,-0.120939629,0.959726578
a,cs 2,2/4/1945,0.69123449,0.01457678,-0.798666657,-2.658568601,0.5,1.359901944,0.00728839
a,cs 2,2/5/1945,1.363786623,1.002303129,0.681134456,0.340169,0.5,-0.159034544,0.501151565
a,cs 2,2/6/1945,0.622672762,-2.200643926,-0.465756773,-1.962067443,0.5,0.99631067,-1.100321963
a,cs 2,2/7/1945,1.34171817,0.313926241,0.757539417,0.481834142,0.5,-0.224294725,0.156963121
a,cs 2,2/8/1945,1.31130391,-1.070400983,0.974848772,0.918373484,0.5,-0.443524712,-0.535200492
a,cs 2,2/9/1945,1.092084346,-0.994393305,0.467038498,-0.062688273,0.5,0.029726771,-0.497196653
a,cs 2,2/10/1945,0.772277202,-2.294971054,-0.085149309,-1.203754671,0.5,0.618605362,-1.147485527
a,cs 2,2/11/1945,0.894421095,-1.285973292,0.002511769,-1.02777625,0.5,0.530288019,-0.642986646
a,cs 2,2/12/1945,1.366652404,3.578049284,0.161635238,-0.689502499,0.5,0.351137737,1.789024642
a,cs 2,2/13/1945,1.6535931,1.18976366,1.368800127,1.732595298,0.5,-0.863795171,0.59488183
a,cs 2,2/14/1945,0.984878606,-0.490966279,0.093824486,-0.814808689,0.5,0.408633175,-0.24548314
a,cs 2,2/15/1945,1.226023702,-0.943537719,0.730196551,0.420519258,0.5,-0.190322707,-0.47176886
a,cs 2,2/16/1945,1.094744447,0.477684443,0.125506312,-0.779108222,0.5,0.404614534,0.238842222
a,cs 2,2/17/1945,1.913019714,-0.497987519,2.303974402,3.562530762,0.5,-1.75855636,-0.24899376
a,cs 2,2/18/1945,1.910903584,3.428142512,1.526584636,2.046813878,0.5,-1.020229242,1.714071256
a,cs 2,2/19/1945,1.409259875,1.893491625,0.618365604,0.224930098,0.5,-0.106564494,0.946745813
a,cs 2,2/20/1945,1.360707531,0.09872845,0.842437297,0.646460239,0.5,-0.304022942,0.049364225
a,cs 2,2/21/1945,0.729006342,1.317339076,-0.932213194,-2.887511351,0.5,1.455298157,0.658669538
a,cs 2,2/22/1945,1.303253545,1.726853779,0.34617381,-0.359476436,0.5,0.205650246,0.86342689
a,cs 2,2/23/1945,1.330723371,-1.104815109,1.057505005,1.106807825,0.5,-0.54930282,-0.552407555
a,cs 2,2/24/1945,1.460481025,-0.665348101,1.239134815,1.435008342,0.5,-0.695873527,-0.332674051
a,cs 2,2/25/1945,1.059870795,3.08176919,-0.51905608,-2.081245493,0.5,1.062189413,1.540884595
a,cs 2,2/26/1945,1.145631066,-0.649331822,0.476929422,-0.082724837,0.5,0.059654259,-0.324665911
a,cs 2,2/27/1945,1.796878292,0.003122773,1.886440911,2.702859452,0.5,-1.316418541,0.001561387
a,cs 2,2/28/1945,1.369045104,1.734165974,0.507499148,-0.034707785,0.5,0.042206933,0.867082987
a,cs 2,3/1/1945,1.578740878,1.038639235,1.197466425,1.37306038,0.5,-0.675593955,0.519319618
a,cs 2,3/2/1945,0.542275702,-2.799031133,-0.513325174,-2.038046396,0.5,1.024721222,-1.399515567
a,cs 2,3/3/1945,0.36336561,-3.54959345,-0.843412277,-2.740071273,0.5,1.396658996,-1.774796725
a,cs 2,3/4/1945,0.70727515,-0.065349583,-0.695437383,-2.413142436,0.5,1.217705053,-0.032674792
a,cs 2,3/5/1945,1.022780273,0.844102552,-0.142615731,-1.328735411,0.5,0.68611968,0.422051276
a,cs 2,3/6/1945,1.383122739,1.321660048,0.690690675,0.383202856,0.5,-0.192512181,0.660830024
a,cs 2,3/7/1945,1.977541974,0.657370064,2.250507703,3.480722245,0.5,-1.730214542,0.328685032
a,cs 2,3/8/1945,0.790486803,-1.72406748,-0.142702524,-1.304660096,0.5,0.661957572,-0.86203374
a,cs 2,3/9/1945,1.515449027,1.051172429,1.074912088,1.156067309,0.5,-0.581155221,0.525586215
a,cs 2,3/10/1945,1.124885448,0.150826993,0.260279184,-0.515230272,0.5,0.275509456,0.075413497
a,cs 2,3/11/1945,0.999894591,-0.358084656,0.083930439,-0.849971557,0.5,0.433901996,-0.179042328
a,cs 2,3/12/1945,1.155077406,1.116040542,0.126791344,-0.786714341,0.5,0.413505685,0.558020271
a,cs 2,3/13/1945,0.626980066,-3.130306611,-0.280244804,-1.606727451,0.5,0.826482647,-1.565153306
a,cs 2,3/14/1945,1.660948209,1.491792032,1.294277615,1.559434687,0.5,-0.765157072,0.745896016
a,cs 2,3/15/1945,1.25564193,-0.815833089,0.803804605,0.590823544,0.5,-0.287018939,-0.407916545
a,cs 2,3/16/1945,0.43696327,-3.740359485,-0.63878138,-2.342706957,0.5,1.203925577,-1.870179743
a,cs 2,3/17/1945,1.928874876,-2.096567799,2.683011852,4.326035809,0.5,-2.143023957,-1.0482839
a,cs 2,3/18/1945,0.496529235,-1.516748739,-0.875519883,-2.748479131,0.5,1.372959248,-0.75837437
a,cs 2,3/19/1945,1.149042555,-3.053108693,1.003988499,0.985199517,0.5,-0.481211018,-1.526554347
a,cs 2,3/20/1945,0.793151055,-3.306727346,0.211232386,-0.582858139,0.5,0.294090525,-1.653363673
a,cs 2,3/21/1945,1.548026377,-1.238382471,1.605349706,2.194772102,0.5,-1.089422396,-0.619191236
a,cs 2,3/22/1945,1.139022157,0.196067385,0.298992032,-0.426539222,0.5,0.225531254,0.098033693
a,cs 2,3/23/1945,1.623350593,3.153031971,0.835592732,0.625471291,0.5,-0.289878559,1.576515986
a,cs 2,3/24/1945,1.957058073,1.191988226,2.047386915,3.040337717,0.5,-1.492950802,0.595994113
a,cs 2,3/25/1945,1.060152238,0.424519476,0.102114191,-0.785027076,0.5,0.387141267,0.212259738
a,cs 2,3/26/1945,0.617926521,0.45710147,-0.97411514,-2.931029296,0.5,1.456914156,0.228550735
a,cs 2,3/27/1945,0.822503173,1.4942994,-0.733438774,-2.483426377,0.5,1.249987603,0.7471497
a,cs 2,3/28/1945,0.676345341,-0.392652362,-0.748753163,-2.557796653,0.5,1.30904349,-0.196326181
a,cs 2,3/29/1945,1.03346704,-0.770771036,0.24107324,-0.544564843,0.5,0.285638083,-0.385385518
a,cs 2,3/30/1945,1.847685361,-0.555810409,2.175397422,3.320571549,0.5,-1.645174127,-0.277905205
a,cs 2,3/31/1945,1.395235771,1.049971368,0.760136571,0.508307268,0.5,-0.248170697,0.524985684
a,cs 2,4/1/1945,1.76854393,-0.150380833,1.880464508,2.716353317,0.5,-1.335888809,-0.075190417
a,cs 2,4/2/1945,0.402088466,2.300626975,-1.932158619,-4.885951105,0.5,2.453792486,1.150313488
a,cs 2,4/3/1945,1.524004404,-2.149202318,1.706538118,2.37212445,0.5,-1.165586332,-1.074601159
a,cs 2,4/4/1945,1.358716494,-2.066344325,1.261072249,1.460247105,0.5,-0.699174856,-1.033172163
a,cs 2,4/5/1945,1.742813638,1.439244229,1.494980218,1.952876806,0.5,-0.957896588,0.719622115
a,cs 2,4/6/1945,0.472575906,-3.470696319,-0.551828737,-2.122410197,0.5,1.07058146,-1.73534816
a,cs 2,4/7/1945,1.959125513,3.911478581,1.525586624,2.03041395,0.5,-1.004827326,1.955739291
a,cs 2,4/8/1945,1.423664793,2.351723037,0.514251073,-0.019030901,0.5,0.033281974,1.175861519
a,cs 2,4/9/1945,2.106791751,0.141963491,2.679098987,4.342920003,0.5,-2.163821016,0.070981746
a,cs 2,4/10/1945,0.888669498,-1.4223223,0.012561491,-1.011297423,0.5,0.523858914,-0.71116115
a,cs 2,4/11/1945,1.239619723,0.863854274,0.384766666,-0.271284297,0.5,0.156050963,0.431927137
a,cs 2,4/12/1945,1.509832655,0.863583336,1.070144265,1.121691247,0.5,-0.551546982,0.431791668
a,cs 2,4/13/1945,1.847128776,3.032548523,1.435180024,1.848693889,0.5,-0.913513865,1.516274262
a,cs 2,4/14/1945,1.263123899,3.460830204,-0.059604323,-1.126656645,0.5,0.567052322,1.730415102
a,cs 2,4/15/1945,0.674059157,-2.982167298,-0.20319453,-1.45813124,0.5,0.75493671,-1.491083649
a,cs 2,4/16/1945,0.821217251,2.328366774,-0.904137583,-2.819409364,0.5,1.415271781,1.164183387
a,cs 2,4/17/1945,1.635762697,0.746729421,1.379780476,1.72328134,0.5,-0.843500864,0.373364711
a,cs 2,4/18/1945,0.795431557,0.499338732,-0.632343002,-2.314660517,0.5,1.182317515,0.249669366
a,cs 2,4/19/1945,1.348529168,0.073796586,0.811402515,0.578993828,0.5,-0.267591313,0.036898293
a,cs 2,4/20/1945,1.824375771,2.463353733,1.525701589,2.051982665,0.5,-1.026281076,1.231676867
a,cs 2,4/21/1945,0.909796377,-1.396473808,0.082662929,-0.851364004,0.5,0.434026933,-0.698236904
a,cs 2,4/22/1945,0.986769354,-1.038838004,0.174737634,-0.684257271,0.5,0.358994905,-0.519419002
a,cs 2,4/23/1945,1.676468238,-0.072118093,1.665435446,2.3073252,0.5,-1.141889754,-0.036059047
a,cs 2,4/24/1945,0.889561531,-2.201778385,0.172145464,-0.696519442,0.5,0.368664906,-1.100889193
a,cs 2,4/25/1945,0.220853726,-0.719899654,-1.757572971,-4.548791335,0.5,2.291218364,-0.359949827
a,cs 2,4/26/1945,1.722493187,2.047474463,1.327435092,1.625143666,0.5,-0.797708574,1.023737232
a,cs 2,4/27/1945,1.960351384,2.318853513,1.859591939,2.697162994,0.5,-1.337571055,1.159426757
a,cs 2,4/28/1945,1.515288696,-0.582246882,1.386810417,1.756231583,0.5,-0.869421166,-0.291123441
a,cs 2,4/29/1945,2.349661926,-0.957157542,3.470413108,5.901049445,0.5,-2.930636337,-0.478578771
a,cs 2,4/30/1945,0.735192622,-0.695793055,-0.469062868,-1.938453902,0.5,0.969391034,-0.347896528
a,cs 2,5/1/1945,1.058043873,-0.404036179,0.270432389,-0.448026325,0.5,0.218458714,-0.20201809
a,cs 2,5/2/1945,1.244003991,-0.517937486,0.696641447,0.362861391,0.5,-0.166219944,-0.258968743
a,cs 2,5/3/1945,1.147262809,-4.090084746,1.196559074,1.354228954,0.5,-0.65766988,-2.045042373
a,cs 2,5/4/1945,1.449928751,-0.009754117,1.106253826,1.193645929,0.5,-0.587392103,-0.004877059
a,cs 2,5/5/1945,1.2279187,-0.822406171,0.730633351,0.438727311,0.5,-0.20809396,-0.411203086
a,cs 2,5/6/1945,1.357728409,-2.540740255,1.411665236,1.805718881,0.5,-0.894053645,-1.270370128
a,cs 2,5/7/1945,1.176254939,2.679862072,-0.111841134,-1.234161597,0.5,0.622320463,1.339931036
a,cs 2,5/8/1945,1.659552807,0.80680413,1.462838835,1.9203072,0.5,-0.957468365,0.403402065
a,cs 2,5/9/1945,1.605442802,3.843034136,0.691100093,0.371962154,0.5,-0.180862061,1.921517068
a,cs 2,5/10/1945,1.152128424,3.983378657,-0.416164281,-1.820938534,0.5,0.904774253,1.991689329
a,cs 2,5/11/1945,1.044604111,2.509357229,-0.446847372,-1.945141394,0.5,0.998294022,1.254678615
a,cs 2,5/12/1945,0.956107999,-1.108808532,0.155244915,-0.68991865,0.5,0.345163565,-0.554404266
a,cs 2,5/13/1945,1.087411958,-0.28385004,0.26693696,-0.496019325,0.5,0.262956285,-0.14192502
a,cs 2,5/14/1945,1.174768621,0.487472436,0.334253062,-0.348604725,0.5,0.182857787,0.243736218
a,cs 2,5/15/1945,0.955386806,-1.804649859,0.272486093,-0.477028843,0.5,0.249514936,-0.90232493
a,cs 2,5/16/1945,1.592795364,4.083795003,0.616317871,0.227570782,0.5,-0.111252911,2.041897502
a,cs 2,5/17/1945,1.159076606,-0.492915755,0.514292653,0.022600363,0.5,-0.00830771,-0.246457878
a,cs 2,5/18/1945,1.639579979,3.582356114,0.787525853,0.531015959,0.5,-0.243490106,1.791178057
a,cs 2,5/19/1945,1.059550239,-0.541203013,0.259466356,-0.505488995,0.5,0.264955351,-0.270601507
a,cs 2,5/20/1945,0.672062859,1.915324096,-1.17431921,-3.354090798,0.5,1.679771588,0.957662048
a,cs 2,5/21/1945,1.329077275,2.017028893,0.369020341,-0.296928582,0.5,0.165948923,1.008514447
a,cs 2,5/22/1945,1.841718671,0.950464897,1.83617898,2.633794806,0.5,-1.297615826,0.475232449
a,cs 2,5/23/1945,1.034068542,1.382776079,-0.214963309,-1.463058281,0.5,0.748094972,0.69138804
a,cs 2,5/24/1945,2.327729746,0.985782838,3.021844519,5.012585705,0.5,-2.490741186,0.492891419
a,cs 2,5/25/1945,0.819116916,0.64354463,-0.618940236,-2.299500554,0.5,1.180560318,0.321772315
a,cs 2,5/26/1945,1.9744318,-3.339503432,3.090823195,5.172277293,0.5,-2.581454098,-1.669751716
a,cs 2,5/27/1945,1.240183152,1.816589572,0.203414862,-0.620674557,0.5,0.324089419,0.908294786
a,cs 2,5/28/1945,0.973970744,-1.161736867,0.168402515,-0.697600212,0.5,0.366002727,-0.580868434
a,cs 2,5/29/1945,1.190400274,-2.205507563,0.924588406,0.82380273,0.5,-0.399214324,-1.102753782
a,cs 2,5/30/1945,1.591577661,3.952223262,0.627831517,0.239930522,0.5,-0.112099005,1.976111631
a,cs 2,5/31/1945,1.680283727,0.982345991,1.405621684,1.747529485,0.5,-0.841907801,0.491172996
a,cs 2,6/1/1945,1.469313634,-1.273282449,1.451868346,1.913244221,0.5,-0.961375875,-0.636641225
a,cs 2,6/2/1945,1.587870437,-1.3382342,1.687651294,2.330138689,0.5,-1.142487395,-0.6691171
a,cs 2,6/3/1945,1.192107864,-1.433589005,0.784794882,0.558362118,0.5,-0.273567236,-0.716794503
a,cs 2,6/4/1945,1.602101789,3.256561577,0.833566497,0.680001195,0.5,-0.346434698,1.628280789
a,cs 2,6/5/1945,1.369217665,3.286654406,0.243275022,-0.514281906,0.5,0.257556928,1.643327203
a,cs 2,6/6/1945,2.061552171,4.241328837,1.751364316,2.519025652,0.5,-1.267661336,2.120664419
a,cs 2,6/7/1945,1.346190909,2.272334118,0.352822798,-0.333081551,0.5,0.185904349,1.136167059
a,cs 2,6/8/1945,0.576745518,-1.158626382,-0.797598024,-2.627700729,0.5,1.330102705,-0.579313191
a,cs 2,6/9/1945,1.343304801,-0.46735461,0.914886704,0.788600421,0.5,-0.373713717,-0.233677305
a,cs 2,6/10/1945,1.630871626,0.975572505,1.357708134,1.710028532,0.5,-0.852320398,0.487786253
a,cs 2,6/11/1945,1.321905485,-0.754057849,0.912473185,0.775440383,0.5,-0.362967198,-0.377028925
a,cs 2,6/12/1945,0.548775195,-2.329869497,-0.568193255,-2.125398686,0.5,1.057205431,-1.164934749
a,cs 2,6/13/1945,1.141348545,0.881702346,0.176756286,-0.658478777,0.5,0.335235063,0.440851173
a,cs 2,6/14/1945,0.954595487,0.38103621,-0.18478093,-1.390698156,0.5,0.705917226,0.190518105
a,cs 2,6/15/1945,2.282371396,5.611254923,1.96868516,2.925297864,0.5,-1.456612704,2.805627462
a,cs 2,6/16/1945,1.381510417,-0.057263285,0.907257041,0.760968752,0.5,-0.353711711,-0.028631643
a,cs 2,6/17/1945,0.567648782,-0.801987072,-0.881548039,-2.785190535,0.5,1.403642496,-0.400993536
a,cs 2,6/18/1945,0.706652261,1.295876687,-0.952177516,-2.902801815,0.5,1.450624299,0.647938344
a,cs 2,6/19/1945,0.007355687,-1.073569573,-2.159794135,-5.317090158,0.5,2.657296023,-0.536784787
a,cs 2,6/20/1945,1.140604562,0.123211688,0.34743548,-0.305535037,0.5,0.152970517,0.061605844
a,cs 2,6/21/1945,1.346660723,2.657765575,0.298550107,-0.421048932,0.5,0.219599039,1.328882788
a,cs 2,6/22/1945,0.777089561,0.445974129,-0.660758649,-2.367285374,0.5,1.206526725,0.222987065
a,cs 2,6/23/1945,1.340576726,-2.004917823,1.23604183,1.436446385,0.5,-0.700404555,-1.002458912
a,cs 2,6/24/1945,1.788443961,2.90397426,1.296130596,1.551763802,0.5,-0.755633206,1.45198713
a,cs 2,6/25/1945,1.127110411,-0.67274104,0.498486931,0.011117041,0.5,-0.01263011,-0.33637052
a,cs 2,6/26/1945,0.883213649,-1.020052474,-0.060553111,-1.137679805,0.5,0.577126694,-0.510026237
a,cs 2,6/27/1945,1.134804145,-0.657096715,0.419698424,-0.223850594,0.5,0.143549018,-0.328548358
a,cs 2,6/28/1945,1.110690386,-2.941315661,0.899908312,0.787458917,0.5,-0.387550605,-1.470657831
a,cs 2,6/29/1945,1.293812174,1.145536454,0.479108779,-0.065241054,0.5,0.044349833,0.572768227
a,cs 2,6/30/1945,1.734044003,0.818694721,1.619282449,2.214690137,0.5,-1.095407688,0.409347361
a,cs 2,7/1/1945,1.732715658,2.19812002,1.338108508,1.660633879,0.5,-0.822525371,1.09906001
a,cs 2,7/2/1945,1.60554981,-0.101413956,1.501551119,1.98182268,0.5,-0.980271561,-0.050706978
a,cs 2,7/3/1945,1.248838739,0.607478217,0.450333635,-0.14870922,0.5,0.099042855,0.303739109
a,cs 2,7/4/1945,1.453153486,1.875142258,0.714580074,0.405417894,0.5,-0.19083782,0.937571129
a,cs 2,7/5/1945,1.139253946,0.689553677,0.183774817,-0.667430777,0.5,0.351205594,0.344776839
a,cs 2,7/6/1945,1.372410488,-0.753563544,1.036331434,1.023918814,0.5,-0.48758738,-0.376781772
a,cs 2,7/7/1945,1.964321839,2.458924705,1.813126662,2.582156394,0.5,-1.269029732,1.229462353
a,cs 2,7/8/1945,0.736487746,-2.498496096,-0.098786702,-1.205537523,0.5,0.606750821,-1.249248048
a,cs 2,7/9/1945,1.46345255,-0.122368803,1.134706455,1.227557329,0.5,-0.592850874,-0.061184402
a,cs 2,7/10/1945,0.876013067,-4.428686819,0.675802441,0.369628499,0.5,-0.193826058,-2.21434341
a,cs 2,7/11/1945,1.350863374,-0.8727899,1.009734264,0.971543291,0.5,-0.461809027,-0.43639495
a,cs 2,7/12/1945,1.188409223,-1.59532287,0.787270519,0.545016788,0.5,-0.257746269,-0.797661435
a,cs 2,7/13/1945,1.417254127,-3.644357602,1.756774593,2.471024318,0.5,-1.214249725,-1.822178801
a,cs 2,7/14/1945,1.64271345,2.608453323,1.028307222,1.037034233,0.5,-0.508727011,1.304226662
a,cs 2,7/15/1945,1.330206454,1.970818361,0.411758876,-0.186543648,0.5,0.098302524,0.985409181
a,cs 2,7/16/1945,0.704164407,1.629236478,-1.025274627,-3.046884239,0.5,1.521609612,0.814618239
a,cs 2,7/17/1945,0.770142841,0.548897685,-0.665486265,-2.349084118,0.5,1.183597853,0.274448843
a,cs 3,12/30/1944,1.871425347,1.428086419,1.870297527,2.711683932,0.5,-1.341386405,0.71404321
a,cs 3,12/31/1944,1.732179447,-0.691576547,1.547610391,2.089304873,0.5,-1.041694482,-0.345788274
a,cs 3,1/1/1945,1.251296691,-0.895995518,0.478138328,-0.104453245,0.5,0.082591573,-0.447997759
a,cs 3,1/2/1945,1.474413203,0.878357539,1.019962212,1.006395911,0.5,-0.486433699,0.43917877
a,cs 3,1/3/1945,2.415381256,2.113370444,3.058144435,5.117158445,0.5,-2.55901401,1.056685222
a,cs 3,1/4/1945,2.176375205,0.403859428,2.473550603,3.910076092,0.5,-1.936525489,0.201929714
a,cs 3,1/5/1945,1.367029366,-1.198563047,0.721417639,0.390577252,0.5,-0.169159613,-0.599281524
a,cs 3,1/6/1945,2.030999257,-1.560771878,2.09360813,3.126890981,0.5,-1.533282851,-0.780385939
a,cs 3,1/7/1945,0.610791591,0.929837407,-0.810404658,-2.676928448,0.5,1.36652379,0.464918704
a,cs 3,1/8/1945,0.285202114,-1.108282529,-1.473034391,-3.933283168,0.5,1.960248777,-0.554141265
a,cs 3,1/9/1945,0.946845134,-1.744968763,-0.164854052,-1.374652149,0.5,0.709798097,-0.872484382
a,cs 3,1/10/1945,0.59526686,-1.028372413,-0.848250476,-2.708977074,0.5,1.360726598,-0.514186207
a,cs 3,1/11/1945,0.446196882,-1.308392169,-1.22220161,-3.509004665,0.5,1.786803055,-0.654196085
a,cs 3,1/12/1945,0.443394132,-1.275952333,-1.225969624,-3.515342342,0.5,1.789372718,-0.637976167
a,cs 3,1/13/1945,1.486946273,1.092517099,1.043464002,1.045453354,0.5,-0.501989352,0.54625855
a,cs 3,1/14/1945,1.185898561,-1.728925866,0.336303478,-0.372086752,0.5,0.20839023,-0.864462933
a,cs 3,1/15/1945,0.446399552,0.448203954,-1.219694325,-3.545728963,0.5,1.826034638,0.224101977
a,cs 3,1/16/1945,1.044224166,-1.803260426,0.044926275,-0.947994975,0.5,0.49292125,-0.901630213
a,cs 3,1/17/1945,0.753910282,-0.311125531,-0.507731125,-2.037781715,0.5,1.03005059,-0.155562766
a,cs 3,1/18/1945,1.374142382,-0.123577063,0.786868229,0.543016723,0.5,-0.256148494,-0.061788532
a,cs 3,1/19/1945,1.012026766,0.845601375,0.035398347,-0.977698894,0.5,0.513097241,0.422800688
a,cs 3,1/20/1945,0.726937598,0.000585846,-0.588197023,-2.229397088,0.5,1.141200065,0.000292923
a,cs 3,1/21/1945,0.787681521,0.04172162,-0.447806464,-1.937012533,0.5,0.989206069,0.02086081
a,cs 3,1/22/1945,1.99787999,-1.795892896,2.040884516,3.043168445,0.5,-1.502283929,-0.897946448
a,cs 3,1/23/1945,1.203232417,0.888885941,0.456663888,-0.116221021,0.5,0.072884909,0.444442971
a,cs 3,1/24/1945,1.019847131,0.101523129,0.026389626,-1.001440014,0.5,0.52782964,0.050761565
a,cs 3,1/25/1945,1.350614641,-0.828098605,0.682581561,0.299412029,0.5,-0.116830468,-0.414049303
a,cs 3,1/26/1945,1.038177309,2.888488501,0.157310894,-0.720567316,0.5,0.37787821,1.444244251
a,cs 3,1/27/1945,1.576333359,2.772847536,1.2856335,1.540532892,0.5,-0.754899392,1.386423768
a,cs 3,1/28/1945,1.064214028,-2.82906169,0.04969384,-0.948348788,0.5,0.498042628,-1.414530845
a,cs 3,1/29/1945,1.631883035,0.816535611,1.350513466,1.669873876,0.5,-0.81936041,0.408267806
a,cs 3,1/30/1945,0.769828569,0.439785592,-0.485688896,-2.02317005,0.5,1.037481154,0.219892796
a,cs 3,1/31/1945,0.679066332,-0.838466968,-0.699208204,-2.440838673,0.5,1.241630469,-0.419233484
a,cs 3,2/1/1945,1.413338358,-0.123881381,0.863762598,0.691878395,0.5,-0.328115797,-0.061940691
a,cs 3,2/2/1945,1.250380274,0.799903766,0.545203615,0.053359982,0.5,-0.008156367,0.399951883
a,cs 3,2/3/1945,1.655884556,-1.480763339,1.327166667,1.61006301,0.5,-0.782896343,-0.74038167
a,cs 3,2/4/1945,0.347106955,-0.049133517,-1.432396212,-3.963361254,0.5,2.030965042,-0.024566759
a,cs 3,2/5/1945,1.363353389,-2.468567569,0.66027675,0.24885496,0.5,-0.08857821,-1.234283785
a,cs 3,2/6/1945,1.720651084,-2.260546084,1.447063447,1.854273021,0.5,-0.907209574,-1.130273042
a,cs 3,2/7/1945,1.543831579,1.253973973,1.145743152,1.229929163,0.5,-0.584186011,0.626986987
a,cs 3,2/8/1945,0.800008808,-0.798670516,-0.409274776,-1.82687361,0.5,0.917598834,-0.399335258
a,cs 3,2/9/1945,1.286114473,2.512332982,0.678565453,0.333386783,0.5,-0.15482133,1.256166491
a,cs 3,2/10/1945,0.418085204,2.148000857,-1.158314455,-3.350019021,0.5,1.691704566,1.074000429
a,cs 3,2/11/1945,1.116681941,-0.24289487,0.241082465,-0.552053607,0.5,0.293136072,-0.121447435
a,cs 3,2/12/1945,0.637156105,-0.760830173,-0.794195071,-2.639665747,0.5,1.345470676,-0.380415087
a,cs 3,2/13/1945,0.983699832,-1.532401228,-0.073618555,-1.184024802,0.5,0.610406247,-0.766200614
a,cs 3,2/14/1945,1.247535349,-0.18438187,0.469062933,-0.141466016,0.5,0.110528949,-0.092190935
a,cs 3,2/15/1945,1.759626876,-2.152367892,1.54263387,2.056067865,0.5,-1.013433995,-1.076183946
a,cs 3,2/16/1945,1.488960822,1.469272394,1.060669473,1.082892659,0.5,-0.522223186,0.734636197
a,cs 3,2/17/1945,1.973915747,-1.336160625,1.990250257,2.930012843,0.5,-1.439762586,-0.668080313
a,cs 3,2/18/1945,1.715718082,-3.206146929,1.401741686,1.75373936,0.5,-0.851997674,-1.603073465
a,cs 3,2/19/1945,1.447852833,1.007484229,0.953353664,0.859453823,0.5,-0.406100159,0.503742115
a,cs 3,2/20/1945,1.134125569,2.258203892,0.317059504,-0.424668205,0.5,0.241727709,1.129101946
a,cs 3,2/21/1945,1.100991885,0.059698483,0.226766989,-0.570512809,0.5,0.297279798,0.029849242
a,cs 3,2/22/1945,1.49765081,0.225814699,1.044821093,1.0496306,0.5,-0.504809507,0.11290735
a,cs 3,2/23/1945,1.440259153,3.701594545,1.008548609,0.970691652,0.5,-0.462143043,1.850797273
a,cs 3,2/24/1945,1.169885139,3.282901143,0.465157045,-0.084023289,0.5,0.049180334,1.641450572
a,cs 3,2/25/1945,1.065014302,0.317962925,0.13479937,-0.776778927,0.5,0.411578297,0.158981463
a,cs 3,2/26/1945,0.67327163,2.22227986,-0.642604327,-2.338162039,0.5,1.195557712,1.11113993
a,cs 3,2/27/1945,1.150552722,-1.865473748,0.26919281,-0.49632811,0.5,0.26552092,-0.932736874
a,cs 3,2/28/1945,1.36613268,0.011977395,0.755435624,0.462768807,0.5,-0.207333183,0.005988698
a,cs 3,3/1/1945,1.721692797,6.07293817,1.684030103,2.345043592,0.5,-1.161013489,3.036469085
a,cs 3,3/2/1945,1.119396858,2.331182057,0.285026678,-0.491694164,0.5,0.276720842,1.165591029
a,cs 3,3/3/1945,0.924424966,1.080676142,-0.101027644,-1.211527194,0.5,0.61049955,0.540338071
a,cs 3,3/4/1945,1.728984405,-2.347913055,1.447462664,1.8409611,0.5,-0.893498436,-1.173956528
a,cs 3,3/5/1945,1.494708503,-1.86815708,0.992177034,0.952063522,0.5,-0.459886488,-0.93407854
a,cs 3,3/6/1945,1.23495522,3.803667161,0.609358103,0.199030201,0.5,-0.089672098,1.901833581
a,cs 3,3/7/1945,1.104791446,-1.456574635,0.171462197,-0.703808132,0.5,0.375270329,-0.728287318
a,cs 3,3/8/1945,1.787819199,2.330892714,1.701412512,2.357315603,0.5,-1.155903091,1.165446357
a,cs 3,3/9/1945,2.04938719,4.333684243,2.338946567,3.668427465,0.5,-1.829480898,2.166842122
a,cs 3,3/10/1945,1.15303673,0.350709108,0.338321095,-0.352170901,0.5,0.190491996,0.175354554
a,cs 3,3/11/1945,1.315328355,2.369315854,0.735833788,0.447764487,0.5,-0.211930699,1.184657927
a,cs 3,3/12/1945,1.061973611,0.139546037,0.130293899,-0.779571057,0.5,0.409864956,0.069773019
a,cs 3,3/13/1945,1.827661641,1.46821124,1.752984892,2.451518265,0.5,-1.198533373,0.73410562
a,cs 3,3/14/1945,0.747977617,2.49199817,-0.441599085,-1.900257282,0.5,0.958658197,1.245999085
a,cs 3,3/15/1945,1.142777521,4.197180203,0.391282772,-0.270888887,0.5,0.162171659,2.098590102
a,cs 3,3/16/1945,0.804898009,-0.435796815,-0.419074828,-1.874647505,0.5,0.955572677,-0.217898408
a,cs 3,3/17/1945,2.193378445,-0.979764545,2.484860964,3.943939105,0.5,-1.959078141,-0.489882273
a,cs 3,3/18/1945,1.362134086,1.656784397,0.800234208,0.56221346,0.5,-0.261979252,0.828392199
a,cs 3,3/19/1945,1.069179962,-0.095669938,0.141673881,-0.754497009,0.5,0.39617089,-0.047834969
a,cs 3,3/20/1945,0.871172992,1.499453255,-0.259689723,-1.584342581,0.5,0.824652858,0.749726628
a,cs 3,3/21/1945,0.666561966,0.737426395,-0.656070379,-2.327574981,0.5,1.171504602,0.368713198
a,cs 3,3/22/1945,0.916676607,2.177475914,-0.091241534,-1.194413328,0.5,0.603171794,1.088737957
a,cs 3,3/23/1945,0.870394303,0.077627357,-0.264006847,-1.560148641,0.5,0.796141794,0.038813679
a,cs 3,3/24/1945,1.358306285,0.901162436,0.79531349,0.574137326,0.5,-0.278823836,0.450581218
a,cs 3,3/25/1945,1.374891554,0.168363691,0.825955031,0.649764086,0.5,-0.323809055,0.084181846
a,cs 3,3/26/1945,1.97665212,-0.641484293,2.02558309,3.011665987,0.5,-1.486082897,-0.320742147
a,cs 3,3/27/1945,2.121633896,-1.381813185,2.319803033,3.609640848,0.5,-1.789837815,-0.690906593
a,cs 3,3/28/1945,1.702233473,0.089683127,1.476492323,1.919572789,0.5,-0.943080466,0.044841564
a,cs 3,3/29/1945,1.116162387,-0.152324269,0.239555627,-0.557781429,0.5,0.297337056,-0.076162135
a,cs 3,3/30/1945,1.101815146,0.180465068,0.183809595,-0.702117749,0.5,0.385927344,0.090232534
a,cs 3,3/31/1945,1.170577814,2.953792554,0.408529288,-0.244567902,0.5,0.15309719,1.476896277
a,cs 3,4/1/1945,2.218600116,-0.07736213,2.519540847,3.973520847,0.5,-1.95398,-0.038681065
a,cs 3,4/2/1945,0.854200762,1.142896458,-0.28405163,-1.613518768,0.5,0.829467138,0.571448229
a,cs 3,4/3/1945,1.373861403,2.578424446,0.847173176,0.654534304,0.5,-0.307361128,1.289212223
a,cs 3,4/4/1945,1.073144453,-0.802614922,0.130240984,-0.778614947,0.5,0.408855931,-0.401307461
a,cs 3,4/5/1945,0.537766594,0.314720662,-0.930338424,-2.870006169,0.5,1.439667745,0.157360331
a,cs 3,4/6/1945,0.979233317,2.19545955,0.021003196,-0.988257407,0.5,0.509260603,1.097729775
a,cs 3,4/7/1945,0.898928215,0.114118503,-0.213583409,-1.469108415,0.5,0.755525006,0.057059252
a,cs 3,4/8/1945,1.651865385,-1.342847499,1.316327266,1.582634373,0.5,-0.766307107,-0.67142375
a,cs 3,4/9/1945,2.111572707,-0.690162188,2.32857832,3.638478873,0.5,-1.809900553,-0.345081094
a,cs 3,4/10/1945,0.68305991,-0.943772494,-0.66335973,-2.340261299,0.5,1.176901569,-0.471886247
a,cs 3,4/11/1945,1.214023567,-0.494619947,0.476531777,-0.044646693,0.5,0.02117847,-0.247309974
a,cs 3,4/12/1945,0.32387974,-1.617472224,-1.426323508,-3.859917898,0.5,1.93359439,-0.808736112
a,cs 3,4/13/1945,1.36665368,3.436847323,0.86149993,0.689920033,0.5,-0.328420103,1.718423662
a,cs 3,4/14/1945,2.324950395,-1.919102677,2.703048508,4.348989091,0.5,-2.145940583,-0.959551339
a,cs 3,4/15/1945,1.71689885,-2.289339319,1.484460181,1.973012894,0.5,-0.988552713,-1.14466966
a,cs 3,4/16/1945,1.328056119,1.594930159,0.703638759,0.346440515,0.5,-0.142801756,0.79746508
a,cs 3,4/17/1945,1.367994454,3.155972936,0.842476324,0.638010084,0.5,-0.29553376,1.577986468
a,cs 3,4/18/1945,0.95500367,0.428557967,-0.078350573,-1.189433175,0.5,0.611082602,0.214278984
a,cs 3,4/19/1945,0.874285197,-1.744136325,-0.34498793,-1.761902929,0.5,0.916914999,-0.872068163
a,cs 3,4/20/1945,0.976338694,0.389355035,-0.097881502,-1.288847091,0.5,0.690965589,0.194677518
a,cs 3,4/21/1945,0.522283923,1.159013117,-0.98824054,-3.031176875,0.5,1.542936335,0.579506559
a,cs 3,4/22/1945,1.502748602,1.078274206,1.065439834,1.079148469,0.5,-0.513708635,0.539137103
a,cs 3,4/23/1945,1.069179334,-2.305910656,0.064635347,-0.927146074,0.5,0.491781421,-1.152955328
a,cs 3,4/24/1945,1.216223648,2.966979283,0.540167015,0.052841339,0.5,-0.012674324,1.483489642
a,cs 3,4/25/1945,1.220426362,-0.069730902,0.417096845,-0.243677626,0.5,0.160774471,-0.034865451
a,cs 3,4/26/1945,1.981173058,-1.008103789,2.004307865,2.948876037,0.5,-1.444568172,-0.504051895
a,cs 3,4/27/1945,0.8725103,1.452485616,-0.274128803,-1.628519818,0.5,0.854391015,0.726242808
a,cs 3,4/28/1945,1.826741998,-1.317907546,1.685751851,2.324021338,0.5,-1.138269487,-0.658953773
a,cs 3,4/29/1945,1.411092252,0.805278994,0.853751571,0.643654468,0.5,-0.289902897,0.402639497
a,cs 3,4/30/1945,0.497760633,-1.114885816,-1.093731917,-3.237282636,0.5,1.643550719,-0.557442908
a,cs 3,5/1/1945,0.415397097,0.726850705,-1.217746175,-3.484903318,0.5,1.767157143,0.363425353
a,cs 3,5/2/1945,1.604924533,1.298483585,1.294881961,1.547385384,0.5,-0.752503423,0.649241793
a,cs 3,5/3/1945,0.844514283,3.675710216,-0.204560096,-1.422276274,0.5,0.717716178,1.837855108
a,cs 3,5/4/1945,1.033246065,-1.392605576,0.02720408,-0.988636053,0.5,0.515840133,-0.696302788
a,cs 3,5/5/1945,1.547134261,1.626970383,1.174529343,1.299110293,0.5,-0.62458095,0.813485192
a,cs 3,5/6/1945,1.377912687,-2.702880087,0.71754684,0.394819729,0.5,-0.177272889,-1.351440044
a,cs 3,5/7/1945,1.270689603,-0.182755943,0.530130108,-0.007343083,0.5,0.037473191,-0.091377972
a,cs 3,5/8/1945,0.879566956,-1.10865655,-0.291981394,-1.631635793,0.5,0.839654399,-0.554328275
a,cs 3,5/9/1945,1.475516819,-0.466880282,0.995991594,0.966836651,0.5,-0.470845057,-0.233440141
a,cs 3,5/10/1945,1.031192297,-2.507403041,-0.032034652,-1.131845043,0.5,0.599810391,-1.253701521
a,cs 3,5/11/1945,0.85353616,2.204436587,-0.28023805,-1.627345287,0.5,0.847107237,1.102218294
a,cs 3,5/12/1945,0.683383182,0.391529406,-0.638146358,-2.29963576,0.5,1.161489402,0.195764703
a,cs 3,5/13/1945,1.141027044,1.105834438,0.332493233,-0.364172722,0.5,0.196665955,0.552917219
a,cs 3,5/14/1945,1.631770352,2.002811172,1.421129096,1.849258553,0.5,-0.928129457,1.001405586
a,cs 3,5/15/1945,0.98341941,1.791724862,-0.014972685,-1.092898592,0.5,0.577925907,0.895862431
a,cs 3,5/16/1945,1.194032111,-1.324007387,0.382191453,-0.262821099,0.5,0.145012552,-0.662003694
a,cs 3,5/17/1945,2.158085944,4.196750184,2.551954724,4.083942134,0.5,-2.03198741,2.098375092
a,cs 3,5/18/1945,0.95332683,-1.709269162,-0.102691752,-1.204795908,0.5,0.602104156,-0.854634581
a,cs 3,5/19/1945,2.159969359,-0.182374341,2.390150738,3.711009748,0.5,-1.82085901,-0.091187171
a,cs 3,5/20/1945,1.232058332,-0.796179582,0.475328588,-0.076764979,0.5,0.052093567,-0.398089791
a,cs 3,5/21/1945,1.303441876,-0.083921457,0.641316174,0.253280336,0.5,-0.111964162,-0.041960729
a,cs 3,5/22/1945,1.333177377,0.747808183,0.721079551,0.408829069,0.5,-0.187749518,0.373904092
a,cs 3,5/23/1945,1.06110137,2.936561986,0.18993823,-0.671188566,0.5,0.361126796,1.468280993
a,cs 3,5/24/1945,1.255734053,3.073460722,0.642147915,0.27255409,0.5,-0.130406175,1.536730361
a,cs 3,5/25/1945,1.930120814,1.089964622,1.957283763,2.859780765,0.5,-1.402497002,0.544982311
a,cs 3,5/26/1945,1.170870948,0.872374764,0.37763564,-0.284639357,0.5,0.162274997,0.436187382
a,cs 3,5/27/1945,0.438783001,-1.605563623,-1.173461378,-3.342737031,0.5,1.669275653,-0.802781812
a,cs 3,5/28/1945,1.39327415,2.300191739,0.881752987,0.724828911,0.5,-0.343075924,1.15009587
a,cs 3,5/29/1945,1.192013085,-0.566733378,0.388893493,-0.257828091,0.5,0.146721584,-0.283366689
a,cs 3,5/30/1945,1.853156096,0.196709768,1.792369022,2.548574117,0.5,-1.256205095,0.098354884
a,cs 3,5/31/1945,1.561812525,0.698834879,1.161810554,1.255270931,0.5,-0.593460377,0.34941744
a,cs 3,6/1/1945,1.8551422,-1.188372742,1.766594264,2.502910001,0.5,-1.236315737,-0.594186371
a,cs 3,6/2/1945,1.503750822,0.297089518,1.064091745,1.092606846,0.5,-0.528515101,0.148544759
a,cs 3,6/3/1945,1.360625395,-0.969924412,0.75224866,0.488808421,0.5,-0.236559761,-0.484962206
a,cs 3,6/4/1945,1.234424403,-4.348265673,0.355614577,-0.346862416,0.5,0.202476993,-2.174132837
a,cs 3,6/5/1945,1.845406851,0.53768591,1.789358528,2.546687423,0.5,-1.257328895,0.268842955
a,cs 3,6/6/1945,0.587008307,-1.285479573,-0.868303231,-2.745321477,0.5,1.377018246,-0.642739787
a,cs 3,6/7/1945,1.006092366,1.830782724,0.068095261,-0.89372598,0.5,0.461821241,0.915391362
a,cs 3,6/8/1945,0.430583655,-2.644319401,-1.252495316,-3.53404865,0.5,1.781553334,-1.322159701
a,cs 3,6/9/1945,0.460573742,-1.830493648,-1.165846771,-3.358215639,0.5,1.692368868,-0.915246824
a,cs 3,6/10/1945,0.808353973,-2.891487275,-0.466505755,-1.960600117,0.5,0.994094362,-1.445743638
a,cs 3,6/11/1945,0.695348552,-0.671917822,-0.644027839,-2.314474573,0.5,1.170446734,-0.335958911
a,cs 3,6/12/1945,1.263253797,-0.117866159,0.562418705,0.101335702,0.5,-0.038916997,-0.05893308
a,cs 3,6/13/1945,1.581369156,-0.69428082,1.209998407,1.393247557,0.5,-0.68324915,-0.34714041
a,cs 3,6/14/1945,1.105898107,-3.680052758,0.110754601,-0.830079396,0.5,0.440833997,-1.840026379
a,cs 3,6/15/1945,0.763610396,-3.158029436,-0.539958111,-2.081551519,0.5,1.041593408,-1.579014718
a,cs 3,6/16/1945,1.728055556,-4.084859466,1.409714105,1.774500003,0.5,-0.864785898,-2.042429733
a,cs 3,6/17/1945,0.583598613,0.304410326,-0.86218356,-2.759995366,0.5,1.397811806,0.152205163
a,cs 3,6/18/1945,1.76679946,1.237145656,1.643124418,2.254323949,0.5,-1.111199531,0.618572828
a,cs 3,6/19/1945,1.213962459,1.596497195,0.497372416,-0.034990418,0.5,0.032362834,0.798248598
a,cs 3,6/20/1945,1.25430515,-1.538439836,0.484874824,-0.074568766,0.5,0.05944359,-0.769219918
a,cs 3,6/21/1945,1.159487211,1.167164952,0.371675849,-0.286823375,0.5,0.158499224,0.583582476
a,cs 3,6/22/1945,1.511724002,-0.915040063,1.010804984,0.949356817,0.5,-0.438551833,-0.457520032
a,cs 3,6/23/1945,1.381362314,-2.205543923,0.715582956,0.36973591,0.5,-0.154152954,-1.102771962
a,cs 3,6/24/1945,1.504179287,1.540206974,1.083714031,1.118793498,0.5,-0.535079467,0.770103487
a,cs 3,6/25/1945,1.598320118,-0.515528952,1.280543058,1.563376496,0.5,-0.782833438,-0.257764476
a,cs 3,6/26/1945,1.745314646,2.450028312,1.602965383,2.148417991,0.5,-1.045452608,1.225014156
a,cs 3,6/27/1945,0.827238406,2.377154387,-0.27943182,-1.576666768,0.5,0.797234948,1.188577194
a,cs 3,6/28/1945,1.400756341,-1.679411181,0.836809232,0.676110497,0.5,-0.339301265,-0.839705591
a,cs 3,6/29/1945,0.854634502,-2.20946358,-0.38583653,-1.831737601,0.5,0.945901071,-1.10473179
a,cs 3,6/30/1945,1.167892491,0.766613425,0.363428655,-0.318035541,0.5,0.181464196,0.383306713
a,cs 3,7/1/1945,1.468370567,1.326308954,1.00088494,0.950950778,0.5,-0.450065838,0.663154477
a,cs 3,7/2/1945,1.543870044,-1.281843963,1.091412104,1.132414306,0.5,-0.541002202,-0.640921982
a,cs 3,7/3/1945,0.999202241,0.300139412,-0.01828759,-1.097129236,0.5,0.578841646,0.150069706
a,cs 3,7/4/1945,1.666286186,-2.294925182,1.328726784,1.614138126,0.5,-0.785411342,-1.147462591
a,cs 3,7/5/1945,0.192118767,0.470437115,-1.65980153,-4.338370369,0.5,2.178568839,0.235218558
a,cs 3,7/6/1945,1.003990662,-0.226741178,-0.018379626,-1.093861898,0.5,0.575482272,-0.113370589
a,cs 3,7/7/1945,0.830991025,-4.570054748,-0.478319956,-1.999002456,0.5,1.0206825,-2.285027374
a,cs 3,7/8/1945,1.595448794,0.730059073,1.252816888,1.456172258,0.5,-0.70335537,0.365029537
a,cs 3,7/9/1945,2.058608219,-2.236874586,2.15712639,3.276219584,0.5,-1.619093194,-1.118437293
a,cs 3,7/10/1945,0.460663055,-1.942680893,-1.156347711,-3.327528888,0.5,1.671181177,-0.971340447
a,cs 3,7/11/1945,1.881526109,-0.340582032,1.775181191,2.454414221,0.5,-1.17923303,-0.170291016
a,cs 3,7/12/1945,1.271712472,0.794894261,0.600722743,0.174896056,0.5,-0.074173313,0.397447131
a,cs 3,7/13/1945,0.903415315,1.41709336,-0.170709549,-1.38381371,0.5,0.713104161,0.70854668
a,cs 3,7/14/1945,2.411595349,-1.373094944,2.941129697,4.865708561,0.5,-2.424578864,-0.686547472
a,cs 3,7/15/1945,1.209775919,-0.292949226,0.421891856,-0.202649236,0.5,0.124541092,-0.146474613
a,cs 3,7/16/1945,1.296702147,-1.214736503,0.604058137,0.184801593,0.5,-0.080743456,-0.607368252
a,cs 3,7/17/1945,1.9445562,0.822139957,2.01888839,3.019637478,0.5,-1.500749088,0.411069979
a,cs 4,12/30/1944,1.158979724,-1.327765854,0.977037529,0.891986317,0.5,-0.414948788,-0.663882927
a,cs 4,12/31/1944,1.671314568,2.9145722,0.189443264,-0.667403049,0.5,0.356846313,1.4572861
a,cs 4,1/1/1945,-0.121339554,-3.814631966,-0.837399319,-2.701734491,0.5,1.364335172,-1.907315983
a,cs 4,1/2/1945,2.190137465,3.217684501,1.297186608,1.564401268,0.5,-0.76721466,1.608842251
a,cs 4,1/3/1945,0.470945919,-1.383991028,-0.582670819,-2.186569449,0.5,1.10389863,-0.691995514
a,cs 4,1/4/1945,0.714545232,-2.482951652,0.528825115,0.043412996,0.5,-0.014587881,-1.241475826
a,cs 4,1/5/1945,1.010865362,-0.477188884,0.258005948,-0.513469974,0.5,0.271475922,-0.238594442
a,cs 4,1/6/1945,0.119327827,-3.751347564,-0.305716856,-1.646837907,0.5,0.841121051,-1.875673782
a,cs 4,1/7/1945,0.582437627,0.147825633,-1.073294937,-3.188680136,0.5,1.615385199,0.073912817
a,cs 4,1/8/1945,0.930660196,1.048834944,-0.686180644,-2.42335055,0.5,1.237169906,0.524417472
a,cs 4,1/9/1945,1.225333843,0.93052685,0.106477393,-0.807790758,0.5,0.414268151,0.465263425
a,cs 4,1/10/1945,1.393242624,-0.814153811,1.299502194,1.545987594,0.5,-0.7464854,-0.407076906
a,cs 4,1/11/1945,2.195836053,2.046830842,1.858281643,2.677307361,0.5,-1.319025718,1.023415421
a,cs 4,1/12/1945,1.610820636,0.487305232,1.228656571,1.432053352,0.5,-0.703396781,0.243652616
a,cs 4,1/13/1945,1.268195979,0.305349057,0.500590821,-0.024615849,0.5,0.02520667,0.152674529
a,cs 4,1/14/1945,1.497102737,2.960881039,-0.236938505,-1.511987823,0.5,0.775049318,1.48044052
a,cs 4,1/15/1945,-0.097426496,-4.854755832,-0.273183582,-1.563901568,0.5,0.790717986,-2.427377916
a,cs 4,1/16/1945,1.70384023,3.7753945,-0.163421551,-1.389530695,0.5,0.726109144,1.88769725
a,cs 4,1/17/1945,0.812617333,-1.650750718,0.34607092,-0.337914663,0.5,0.183985583,-0.825375359
a,cs 4,1/18/1945,2.957928138,4.312571966,2.576388402,4.103382126,0.5,-2.026993724,2.156285983
a,cs 4,1/19/1945,2.561644104,4.46151286,1.620642788,2.239914436,0.5,-1.119271648,2.23075643
a,cs 4,1/20/1945,1.639274651,2.469834931,0.3265349,-0.392327265,0.5,0.218862165,1.234917466
a,cs 4,1/21/1945,0.989190658,0.172324839,-0.121035762,-1.286421253,0.5,0.665385491,0.08616242
a,cs 4,1/22/1945,-0.031418678,-4.080491977,-0.487369445,-1.993678262,0.5,1.006308817,-2.040245989
a,cs 4,1/23/1945,1.241080848,2.184568895,-0.481478576,-2.006515613,0.5,1.025037037,1.092284448
a,cs 4,1/24/1945,0.840214846,-2.812618093,0.965327016,0.900071362,0.5,-0.434744346,-1.406309047
a,cs 4,1/25/1945,0.856418309,-0.86009471,0.107924379,-0.784782607,0.5,0.392706986,-0.430047355
a,cs 4,1/26/1945,1.824167257,0.876836014,1.568772048,2.128224895,0.5,-1.059452847,0.438418007
a,cs 4,1/27/1945,1.044558533,1.050543244,-0.353743088,-1.705810675,0.5,0.852067587,0.525271622
a,cs 4,1/28/1945,0.813789332,-0.533027216,-0.178519307,-1.382162058,0.5,0.703642751,-0.266513608
a,cs 4,1/29/1945,0.165356903,-1.88092198,-1.076140002,-3.177145466,0.5,1.601005464,-0.94046099
a,cs 4,1/30/1945,0.980894412,2.633630465,-1.333998346,-3.728354685,0.5,1.894356339,1.316815233
a,cs 4,1/31/1945,1.292771491,1.379111854,0.017658348,-1.014946309,0.5,0.532604657,0.689555927
a,cs 4,2/1/1945,1.086098391,-2.123314845,1.221879306,1.414075544,0.5,-0.692196238,-1.061657423
a,cs 4,2/2/1945,1.063936681,-2.119986266,1.167771721,1.305983911,0.5,-0.63821219,-1.059993133
a,cs 4,2/3/1945,2.129237034,1.955223233,1.751024003,2.468942887,0.5,-1.217918884,0.977611617
a,cs 4,2/4/1945,1.115963467,2.104308574,-0.687995893,-2.375342562,0.5,1.187346669,1.052154287
a,cs 4,2/5/1945,0.481928731,-3.410479966,0.40212114,-0.223797198,0.5,0.125918338,-1.705239983
a,cs 4,2/6/1945,1.326194416,1.062196625,0.30486171,-0.392919934,0.5,0.197781644,0.531098313
a,cs 4,2/7/1945,1.017046081,0.220814306,-0.073560129,-1.187757372,0.5,0.614197243,0.110407153
a,cs 4,2/8/1945,1.452316259,1.2050548,0.482609784,-0.08271921,0.5,0.065328994,0.6025274
a,cs 4,2/9/1945,1.11351625,-0.657479099,0.575252952,0.110327088,0.5,-0.035074136,-0.32873955
a,cs 4,2/10/1945,0.536678187,0.177172272,-1.232056187,-3.536512686,0.5,1.804456499,0.088586136
a,cs 4,2/11/1945,2.233979117,0.686277057,2.602948521,4.170795491,0.5,-2.06784697,0.343138529
a,cs 4,2/12/1945,1.589924247,-2.025552404,2.327404737,3.58712357,0.5,-1.759718833,-1.012776202
a,cs 4,2/13/1945,1.925522384,3.788126457,0.390944966,-0.252501723,0.5,0.143446689,1.894063229
a,cs 4,2/14/1945,0.86141323,-2.854502696,1.040729794,1.055121575,0.5,-0.514391781,-1.427251348
a,cs 4,2/15/1945,0.928523138,0.801312866,-0.552077292,-2.137390047,0.5,1.085312755,0.400656433
a,cs 4,2/16/1945,1.815448089,2.745006715,0.612252436,0.177698948,0.5,-0.065446512,1.372503358
a,cs 4,2/17/1945,1.144316628,-0.05796827,0.343803385,-0.368254416,0.5,0.212057801,-0.028984135
a,cs 4,2/18/1945,0.007777457,-3.264767798,-0.798027094,-2.627318365,0.5,1.329291271,-1.632383899
a,cs 4,2/19/1945,2.318902372,3.961529415,1.215116863,1.372316804,0.5,-0.657199941,1.980764708
a,cs 4,2/20/1945,2.053961007,1.194001636,1.961848487,2.912940814,0.5,-1.451092327,0.597000818
a,cs 4,2/21/1945,1.388744051,1.079687085,0.383604048,-0.287243479,0.5,0.170847527,0.539843543
a,cs 4,2/22/1945,1.27122031,-1.429687896,1.349090077,1.683803599,0.5,-0.834713522,-0.714843948
a,cs 4,2/23/1945,0.879110697,-2.261836973,0.795573715,0.561049321,0.5,-0.265475606,-1.130918487
a,cs 4,2/24/1945,0.821607622,-1.42782379,0.291889006,-0.42035276,0.5,0.212241766,-0.713911895
a,cs 4,2/25/1945,1.085492271,2.062257766,-0.807270375,-2.670212542,0.5,1.362942167,1.031128883
a,cs 4,2/26/1945,0.715969521,-1.146616421,-0.117360691,-1.259090927,0.5,0.641730236,-0.573308211
a,cs 4,2/27/1945,1.584189261,1.672879869,0.594212082,0.158494357,0.5,-0.064282275,0.836439935
a,cs 4,2/28/1945,1.476263534,1.76721793,0.255714459,-0.54964833,0.5,0.305362789,0.883608965
a,cs 4,3/1/1945,1.195864707,-1.56007795,1.192767062,1.337957545,0.5,-0.645190483,-0.780038975
a,cs 4,3/2/1945,1.253668121,-1.079122016,1.092258235,1.129849846,0.5,-0.537591611,-0.539561008
a,cs 4,3/3/1945,0.523027267,-2.917987969,0.244315849,-0.556676374,0.5,0.300992223,-1.458993985
a,cs 4,3/4/1945,0.018365315,-1.411944926,-1.627106593,-4.260488188,0.5,2.133381595,-0.705972463
a,cs 4,3/5/1945,1.186568769,0.549496174,0.21154746,-0.584678578,0.5,0.296226038,0.274748087
a,cs 4,3/6/1945,1.498231575,2.246177335,0.109036278,-0.818081184,0.5,0.427117462,1.123088668
a,cs 4,3/7/1945,1.440803396,0.777782457,0.689023613,0.355299766,0.5,-0.166276153,0.388891229
a,cs 4,3/8/1945,1.395459765,-0.87939461,1.352401473,1.665677098,0.5,-0.813275625,-0.439697305
a,cs 4,3/9/1945,1.662522216,-1.045482818,2.098738964,3.185651639,0.5,-1.586912675,-0.522741409
a,cs 4,3/10/1945,1.459930832,1.639119776,0.305385367,-0.427270072,0.5,0.232655439,0.819559888
a,cs 4,3/11/1945,2.381037375,2.957135014,1.848382887,2.644263704,0.5,-1.295880817,1.478567507
a,cs 4,3/12/1945,1.147001085,1.384088797,-0.292113204,-1.601650466,0.5,0.809537262,0.692044399
a,cs 4,3/13/1945,0.253752493,-3.063833193,-0.335339965,-1.723826859,0.5,0.888486894,-1.531916597
a,cs 4,3/14/1945,0.504987061,0.018342755,-1.176354069,-3.37861801,0.5,1.702263941,0.009171378
a,cs 4,3/15/1945,1.310648132,-1.336219011,1.364669927,1.686747239,0.5,-0.822077312,-0.668109506
a,cs 4,3/16/1945,1.270487253,-2.062734038,1.635448764,2.244815144,0.5,-1.10936638,-1.031367019
a,cs 4,3/17/1945,1.440788294,2.154558842,0.060135726,-0.878934689,0.5,0.439070415,1.077279421
a,cs 4,3/18/1945,1.227018367,-0.912235558,0.916992003,0.752119804,0.5,-0.335127801,-0.456117779
a,cs 4,3/19/1945,0.520636165,-0.700982454,-0.812371524,-2.664436792,0.5,1.352065268,-0.350491227
a,cs 4,3/20/1945,0.042079023,-3.827926484,-0.448755418,-1.929543439,0.5,0.980788021,-1.913963242
a,cs 4,3/21/1945,1.458274326,0.242258997,1.01630517,1.035344644,0.5,-0.519039474,0.121129499
a,cs 4,3/22/1945,1.773228817,0.915582805,1.382634937,1.71673358,0.5,-0.834098643,0.457791403
a,cs 4,3/23/1945,0.661154914,1.189495697,-1.39375789,-3.838507897,0.5,1.944750007,0.594747849
a,cs 4,3/24/1945,0.721803809,0.118863207,-0.714210421,-2.458670564,0.5,1.244460143,0.059431604
a,cs 4,3/25/1945,1.465886408,-0.097730814,1.166992362,1.311805513,0.5,-0.644813151,-0.048865407
a,cs 4,3/26/1945,1.414715827,-0.950545528,1.437997059,1.841825292,0.5,-0.903828233,-0.475272764
a,cs 4,3/27/1945,1.946365432,1.517723462,1.468857417,1.857228647,0.5,-0.88837123,0.758861731
a,cs 4,3/28/1945,0.724914949,-0.815927577,-0.25383446,-1.532012458,0.5,0.778177998,-0.407963789
a,cs 4,3/29/1945,0.827400575,-1.890943886,0.452922508,-0.160290497,0.5,0.113213005,-0.945471943
a,cs 4,3/30/1945,1.097321952,0.88029505,-0.175495535,-1.373186016,0.5,0.697690481,0.440147525
a,cs 4,3/31/1945,1.213181533,-1.012967588,1.049045535,1.114591328,0.5,-0.565545793,-0.506483794
a,cs 4,4/1/1945,1.04786761,-1.805347897,0.988846553,0.956017716,0.5,-0.467171163,-0.902673949
a,cs 4,4/2/1945,0.99880944,0.88123085,-0.398149631,-1.808476538,0.5,0.910326907,0.440615425
a,cs 4,4/3/1945,0.416899802,-2.280525339,-0.296280787,-1.624633229,0.5,0.828352442,-1.14026267
a,cs 4,4/4/1945,2.640401699,3.029263686,2.437077491,3.827322408,0.5,-1.890244917,1.514631843
a,cs 4,4/5/1945,2.132161064,3.46155232,1.031114398,1.022199339,0.5,-0.491084941,1.73077616
a,cs 4,4/6/1945,1.014815987,1.295723872,-0.61305971,-2.284756624,0.5,1.171696914,0.647861936
a,cs 4,4/7/1945,1.38137957,0.877879248,0.502827869,-0.01475536,0.5,0.017583229,0.438939624
a,cs 4,4/8/1945,0.995486878,-0.268379739,0.146148236,-0.716729688,0.5,0.362877924,-0.13418987
a,cs 4,4/9/1945,1.654852697,0.933075557,1.124866483,1.228037345,0.5,-0.603170862,0.466537779
a,cs 4,4/10/1945,1.187893679,-0.982397291,0.858603766,0.63628391,0.5,-0.277680144,-0.491198646
a,cs 4,4/11/1945,1.478377979,1.241552014,0.575656343,0.144210996,0.5,-0.068554653,0.620776007
a,cs 4,4/12/1945,1.058651077,0.942880591,-0.273566622,-1.54939382,0.5,0.775827198,0.471440296
a,cs 4,4/13/1945,1.541097531,0.928904653,0.829453109,0.614429876,0.5,-0.284976767,0.464452327
a,cs 4,4/14/1945,1.178068092,1.268211578,-0.154755875,-1.319996215,0.5,0.66524034,0.634105789
a,cs 4,4/15/1945,1.592735751,-1.209813538,1.965554301,2.880789799,0.5,-1.415235498,-0.604906769
a,cs 4,4/16/1945,0.546631084,-0.086970207,-1.059116339,-3.171047854,0.5,1.611931515,-0.043485104
a,cs 4,4/17/1945,0.341818288,-0.454852714,-1.327071228,-3.670544582,0.5,1.843473354,-0.227426357
a,cs 4,4/18/1945,0.417887104,-1.527463544,-0.673961904,-2.397467716,0.5,1.223505812,-0.763731772
a,cs 4,4/19/1945,2.315493802,4.621661638,0.940022014,0.862470767,0.5,-0.422448753,2.310830819
a,cs 4,4/20/1945,1.330052779,-0.40796803,1.018136803,1.035926299,0.5,-0.517789496,-0.203984015
a,cs 4,4/21/1945,1.75743274,3.016215574,0.389456849,-0.230473312,0.5,0.119930161,1.508107787
a,cs 4,4/22/1945,0.909357951,-0.072545592,-0.195648073,-1.437088798,0.5,0.741440725,-0.036272796
a,cs 4,4/23/1945,0.890666301,-1.778784037,0.580210147,0.119909299,0.5,-0.039699152,-0.889392019
a,cs 4,4/24/1945,2.477984614,1.058138264,2.980748883,4.905639874,0.5,-2.424890991,0.529069132
a,cs 4,4/25/1945,0.440024278,-1.537026895,-0.627750596,-2.314268241,0.5,1.186517645,-0.768513448
a,cs 4,4/26/1945,0.775258053,-1.056641697,-0.027164897,-1.085243826,0.5,0.558078929,-0.528320849
a,cs 4,4/27/1945,1.073710718,2.698943398,-1.125649259,-3.295721826,0.5,1.670072567,1.349471699
a,cs 4,4/28/1945,1.217125083,-1.540807981,1.251309582,1.469527423,0.5,-0.718217841,-0.770403991
a,cs 4,4/29/1945,0.337257607,-3.831817098,0.225182917,-0.606407415,0.5,0.331590332,-1.915908549
a,cs 4,4/30/1945,2.143897732,4.035972341,0.768863468,0.484146502,0.5,-0.215283034,2.017986171
a,cs 4,5/1/1945,2.465770967,1.987770393,2.523082185,4.00281419,0.5,-1.979732005,0.993885197
a,cs 4,5/2/1945,2.668039006,3.547559066,2.304261294,3.60273447,0.5,-1.798473176,1.773779533
a,cs 4,5/3/1945,1.011658081,-2.009256061,0.987005557,0.941336278,0.5,-0.454330721,-1.004628031
a,cs 4,5/4/1945,0.75451442,-2.756113383,0.725213999,0.411856525,0.5,-0.186642526,-1.378056692
a,cs 4,5/5/1945,0.962497693,2.619087207,-1.357586255,-3.764427492,0.5,1.906841237,1.309543604
a,cs 4,5/6/1945,1.807366297,2.156032846,0.882783009,0.726125997,0.5,-0.343342988,1.078016423
a,cs 4,5/7/1945,2.063879238,3.069539302,1.02312828,0.978676484,0.5,-0.455548204,1.534769651
a,cs 4,5/8/1945,1.371253224,-3.591844417,2.607988295,4.192902238,0.5,-2.084913943,-1.795922209
a,cs 4,5/9/1945,1.157000623,1.548580801,-0.365757952,-1.764874048,0.5,0.899116096,0.774290401
a,cs 4,5/10/1945,1.241610175,1.42918568,-0.08737259,-1.190973716,0.5,0.603601126,0.71459284
a,cs 4,5/11/1945,1.70106191,0.799346389,1.244860594,1.422900509,0.5,-0.678039915,0.399673195
a,cs 4,5/12/1945,2.442559827,2.213270088,2.409463062,3.816915842,0.5,-1.90745278,1.106635044
a,cs 4,5/13/1945,2.234725872,5.425339391,0.341242437,-0.354801743,0.5,0.19604418,2.712669696
a,cs 4,5/14/1945,1.675343373,0.878844809,1.232928315,1.472349578,0.5,-0.739421263,0.439422405
a,cs 4,5/15/1945,1.004230855,-0.855983508,0.428311409,-0.168349018,0.5,0.096660427,-0.427991754
a,cs 4,5/16/1945,1.145039787,1.259270151,-0.254564211,-1.541143787,0.5,0.786579576,0.629635076
a,cs 4,5/17/1945,0.345054637,0.249538598,-1.691726066,-4.430403046,0.5,2.23867698,0.124769299
a,cs 4,5/18/1945,0.938312339,-1.576929945,0.632640419,0.254646898,0.5,-0.122006479,-0.788464973
a,cs 4,5/19/1945,1.335111333,0.935011247,0.322222536,-0.412486384,0.5,0.23470892,0.467505624
a,cs 4,5/20/1945,2.087819211,0.848992825,2.155657243,3.257428037,0.5,-1.601770794,0.424496413
a,cs 4,5/21/1945,2.638184781,1.55624833,3.14835822,5.261507483,0.5,-2.613149263,0.778124165
a,cs 4,5/22/1945,0.225799189,-2.795821165,-0.523045717,-2.093695874,0.5,1.070650157,-1.397910583
a,cs 4,5/23/1945,0.832153599,-1.115354624,0.133277111,-0.766698028,0.5,0.399975139,-0.557677312
a,cs 4,5/24/1945,1.396569784,0.947919701,0.458252247,-0.143680108,0.5,0.101932355,0.473959851
a,cs 4,5/25/1945,0.614594552,-1.197521387,-0.303585693,-1.60595412,0.5,0.802368427,-0.598760694
a,cs 4,5/26/1945,2.250410962,3.439689108,1.358394229,1.706915995,0.5,-0.848521766,1.719844554
a,cs 4,5/27/1945,0.545065499,-1.183874035,-0.520159833,-2.07683114,0.5,1.056671307,-0.591937018
a,cs 4,5/28/1945,2.151153126,-1.403664603,3.371048285,5.679959072,0.5,-2.808910787,-0.701832302
a,cs 4,5/29/1945,1.607148067,0.6335558,1.141510207,1.250484015,0.5,-0.608973808,0.3167779
a,cs 4,5/30/1945,1.006027295,-0.597018504,0.310134349,-0.403777985,0.5,0.213912334,-0.298509252
a,cs 4,5/31/1945,1.820202004,-0.550623369,2.188647741,3.324461888,0.5,-1.635814147,-0.275311685
a,cs 4,6/1/1945,1.276048356,-1.292201546,1.254450962,1.460422886,0.5,-0.705971924,-0.646100773
a,cs 4,6/2/1945,1.116268579,-0.53504418,0.550176626,0.082723461,0.5,-0.032546835,-0.26752209
a,cs 4,6/3/1945,0.570566715,-0.274691156,-0.883976232,-2.796613014,0.5,1.412636782,-0.137345578
a,cs 4,6/4/1945,1.584906172,0.086728362,1.338271183,1.634530245,0.5,-0.796259062,0.043364181
a,cs 4,6/5/1945,1.377266363,-0.179657085,1.013403002,1.019714473,0.5,-0.506311471,-0.089828543
a,cs 4,6/6/1945,1.313393219,0.07314836,0.735504287,0.459288429,0.5,-0.223784142,0.03657418
a,cs 4,6/7/1945,1.96054786,-1.147830857,2.8323046,4.632999124,0.5,-2.300694524,-0.573915429
a,cs 4,6/8/1945,1.389298351,-2.108264076,1.945338438,2.8694915,0.5,-1.424153062,-1.054132038
a,cs 4,6/9/1945,2.320962712,2.11954359,2.14677223,3.276019688,0.5,-1.629247458,1.059771795
a,cs 4,6/10/1945,2.423339173,1.897647669,2.50751375,4.007254418,0.5,-1.999740668,0.948823835
a,cs 4,6/11/1945,0.82790495,0.25339784,-0.534837863,-2.107154223,0.5,1.07231636,0.12669892
a,cs 4,6/12/1945,1.504254075,1.403750656,0.555808401,0.101181887,0.5,-0.045373486,0.701875328
a,cs 4,6/13/1945,1.536413994,-1.283877529,1.889454452,2.747452179,0.5,-1.357997727,-0.641938765
a,cs 4,6/14/1945,1.317504023,1.599474457,0.011012913,-0.994819367,0.5,0.50583228,0.799737229
a,cs 4,6/15/1945,0.731718744,-0.789094113,-0.266885778,-1.571932882,0.5,0.805047104,-0.394547057
a,cs 4,6/16/1945,2.327362386,4.094211757,1.194964821,1.351404934,0.5,-0.656440113,2.047105879
a,cs 4,6/17/1945,1.265033058,2.384210633,-0.482462294,-1.977059184,0.5,0.99459689,1.192105317
a,cs 4,6/18/1945,1.137855595,-0.754386468,0.67190388,0.297382228,0.5,-0.125478348,-0.377193234
a,cs 4,6/19/1945,1.99316866,5.296236771,-0.173473177,-1.386131886,0.5,0.712658709,2.648118386
a,cs 4,6/20/1945,1.569626199,2.778646387,0.019833574,-1.000561438,0.5,0.520395012,1.389323194
a,cs 4,6/21/1945,1.067985417,-1.296037708,0.810656962,0.613928714,0.5,-0.303271752,-0.648018854
a,cs 4,6/22/1945,1.478933378,0.88498756,0.696309633,0.342786524,0.5,-0.146476891,0.44249378
a,cs 4,6/23/1945,1.95105213,1.33422565,1.611678066,2.180018351,0.5,-1.068340285,0.667112825
a,cs 4,6/24/1945,1.25513873,-0.619264304,0.914695969,0.80698267,0.5,-0.392286701,-0.309632152
a,cs 4,6/25/1945,1.673894972,0.901685579,1.181266909,1.337616504,0.5,-0.656349595,0.45084279
a,cs 4,6/26/1945,1.442316549,1.799970956,0.195151613,-0.640698692,0.5,0.335850305,0.899985478
a,cs 4,6/27/1945,1.886963207,2.423895152,0.930170504,0.809134656,0.5,-0.378964152,1.211947576
a,cs 4,6/28/1945,0.403311019,-1.165401982,-0.867177701,-2.771987556,0.5,1.404809855,-0.582700991
a,cs 4,6/29/1945,1.570627569,-0.418084403,1.541725789,2.038539321,0.5,-0.996813532,-0.209042202
a,cs 4,6/30/1945,1.602598132,2.421391023,0.27003333,-0.498978657,0.5,0.269011987,1.210695512
a,cs 4,7/1/1945,1.273855283,3.498025598,-1.016162762,-3.064063863,0.5,1.547901101,1.749012799
a,cs 4,7/2/1945,1.748396356,0.494633322,1.564956411,2.115469826,0.5,-1.050513415,0.247316661
a,cs 4,7/3/1945,1.769358186,2.204692195,0.780283855,0.530418556,0.5,-0.250134701,1.102346098
a,cs 4,7/4/1945,0.790319377,-1.477367678,0.196896437,-0.647597917,0.5,0.344494354,-0.738683839
a,cs 4,7/5/1945,0.045139582,-2.263489819,-1.176220837,-3.374700363,0.5,1.698479526,-1.13174491
a,cs 4,7/6/1945,0.840857355,1.569626272,-1.138084296,-3.318771243,0.5,1.680686947,0.784813136
a,cs 4,7/7/1945,0.725668787,-0.995271563,-0.190308242,-1.425011397,0.5,0.734703155,-0.497635782
a,cs 4,7/8/1945,1.019815704,0.006952745,0.016632696,-1.022871173,0.5,0.539503869,0.003476373
a,cs 4,7/9/1945,0.705143279,-2.023501127,0.223426856,-0.621129798,0.5,0.344556654,-1.011750564
a,cs 4,7/10/1945,1.331857905,-0.126765319,0.861217691,0.69931944,0.5,-0.338101749,-0.06338266
a,cs 4,7/11/1945,0.462022095,-2.73987798,0.056436172,-0.897031548,0.5,0.45346772,-1.36993899
a,cs 4,7/12/1945,1.023406541,-0.354444367,0.228307219,-0.573661963,0.5,0.301969182,-0.177222184
a,cs 4,7/13/1945,0.612564766,-1.438151046,-0.220147154,-1.461409396,0.5,0.741262242,-0.719075523
a,cs 4,7/14/1945,2.587163674,3.801177521,1.958137391,2.882771331,0.5,-1.42463394,1.900588761
a,cs 4,7/15/1945,1.717591399,0.514758657,1.453730445,1.869101663,0.5,-0.915371218,0.257379329
a,cs 4,7/16/1945,1.033762925,0.689391943,-0.241738354,-1.510950389,0.5,0.769212035,0.344695972
a,cs 4,7/17/1945,1.984702154,3.962481752,0.442927059,-0.153145896,0.5,0.096072955,1.981240876
a,cs 5,12/30/1944,1.079972823,2.607124531,-0.403913052,-1.656345669,0.5,0.752432617,1.303562266
a,cs 5,12/31/1944,1.098193838,-1.505763616,0.524114197,0.187758567,0.5,-0.16364437,-0.752881808
a,cs 5,1/1/1945,1.407684063,1.987501695,0.369996314,-0.099046679,0.5,-0.030957007,0.993750848
a,cs 5,1/2/1945,-0.302188605,-3.102250284,-1.796908822,-4.439920593,0.5,2.143011771,-1.551125142
a,cs 5,1/3/1945,1.646302316,2.133314931,0.779788577,0.704056353,0.5,-0.424267776,1.066657466
a,cs 5,1/4/1945,1.08587209,0.505764335,0.027213854,-0.838238213,0.5,0.365452067,0.252882168
a,cs 5,1/5/1945,2.059004514,-0.582018017,2.141809504,3.400241918,0.5,-1.758432414,-0.291009009
a,cs 5,1/6/1945,1.072852589,-1.274158133,0.400507905,-0.084548666,0.5,-0.014943429,-0.637079067
a,cs 5,1/7/1945,1.163714649,0.270119294,0.249861187,-0.370501803,0.5,0.12036299,0.135059647
a,cs 5,1/8/1945,0.578436174,-1.734887541,-0.409124844,-1.664894829,0.5,0.755769985,-0.867443771
a,cs 5,1/9/1945,0.909273442,0.057150225,-0.167615437,-1.180741614,0.5,0.513126177,0.028575113
a,cs 5,1/10/1945,1.446096195,0.226559144,0.78558546,0.684826166,0.5,-0.399240706,0.113279572
a,cs 5,1/11/1945,0.848217967,-0.471737652,-0.163744791,-1.168144362,0.5,0.504399571,-0.235868826
a,cs 5,1/12/1945,1.560015497,-1.006801481,1.293184644,1.718640862,0.5,-0.925456218,-0.503400741
a,cs 5,1/13/1945,0.922797525,1.65033249,-0.513475693,-1.894791435,0.5,0.881315742,0.825166245
a,cs 5,1/14/1945,2.538717557,2.609802008,2.360916181,3.839492914,0.5,-1.978576733,1.304901004
a,cs 5,1/15/1945,0.8577864,0.28077531,-0.353244391,-1.591307548,0.5,0.738063157,0.140387655
a,cs 5,1/16/1945,1.042577165,1.840372466,-0.35456879,-1.607252686,0.5,0.752683896,0.920186233
a,cs 5,1/17/1945,1.6014109,-0.743115171,1.339954882,1.838632531,0.5,-0.998677649,-0.371557586
a,cs 5,1/18/1945,1.848886186,4.869258527,0.534811613,0.180922931,0.5,-0.146111318,2.434629264
a,cs 5,1/19/1945,1.343774171,1.523367437,0.325999878,-0.211538568,0.5,0.037538446,0.761683719
a,cs 5,1/20/1945,1.558456472,2.368746705,0.52340814,0.153635842,0.5,-0.130227702,1.184373353
a,cs 5,1/21/1945,0.896637152,1.372274162,-0.518830514,-1.922531923,0.5,0.903701409,0.686137081
a,cs 5,1/22/1945,1.416151943,-1.203760008,1.070215718,1.282757882,0.5,-0.712542164,-0.601880004
a,cs 5,1/23/1945,1.777944987,2.546515484,0.934011531,1.004794862,0.5,-0.570783331,1.273257742
a,cs 5,1/24/1945,0.904925065,1.250206388,-0.445715201,-1.744629442,0.5,0.798914241,0.625103194
a,cs 5,1/25/1945,1.58753359,2.241113769,0.603706069,0.310538622,0.5,-0.206832553,1.120556885
a,cs 5,1/26/1945,0.940436411,-0.771089358,0.027808641,-0.838381032,0.5,0.366189673,-0.385544679
a,cs 5,1/27/1945,1.64971345,3.068292481,0.575692354,0.290638781,0.5,-0.214946427,1.534146241
a,cs 5,1/28/1945,1.52756947,0.335349665,0.968978127,1.104848831,0.5,-0.635870704,0.167674833
a,cs 5,1/29/1945,1.409299549,-2.710773317,1.402509364,1.961945713,0.5,-1.059436349,-1.355386659
a,cs 5,1/30/1945,1.074610881,-0.471936957,0.235970559,-0.404737698,0.5,0.140708257,-0.235968479
a,cs 5,1/31/1945,1.546417889,0.143390089,1.048883258,1.266261638,0.5,-0.71737838,0.071695045
a,cs 5,2/1/1945,1.020009407,-1.137907307,0.315835422,-0.205253678,0.5,0.0210891,-0.568953654
a,cs 5,2/2/1945,1.264682235,0.662322398,0.361481977,-0.142856715,0.5,0.004338692,0.331161199
a,cs 5,2/3/1945,1.518929745,-0.112558316,1.01886497,1.171202183,0.5,-0.652337213,-0.056279158
a,cs 5,2/4/1945,0.299244322,-1.483080252,-1.011191013,-2.880706883,0.5,1.36951587,-0.741540126
a,cs 5,2/5/1945,0.803397432,-1.458019959,-0.081517154,-1.054490788,0.5,0.472973634,-0.72900998
a,cs 5,2/6/1945,0.839959208,-0.401321341,-0.208401118,-1.271356619,0.5,0.562955501,-0.200660671
a,cs 5,2/7/1945,1.500007897,-0.912783468,1.172862061,1.494104604,0.5,-0.821242543,-0.456391734
a,cs 5,2/8/1945,0.696296974,-1.873756091,-0.192591073,-1.27360302,0.5,0.581011947,-0.936878046
a,cs 5,2/9/1945,0.995204766,-0.39305546,0.121228356,-0.57696846,0.5,0.198196816,-0.19652773
a,cs 5,2/10/1945,1.431075617,1.965919499,0.373103543,-0.141324731,0.5,0.014428274,0.98295975
a,cs 5,2/11/1945,1.922458985,2.34989897,1.247495833,1.624534067,0.5,-0.877038234,1.174949485
a,cs 5,2/12/1945,0.84310213,0.124184047,-0.330999566,-1.530164784,0.5,0.699165218,0.062092024
a,cs 5,2/13/1945,1.232106678,3.752585617,-0.392810874,-1.664140721,0.5,0.771329847,1.876292809
a,cs 5,2/14/1945,1.924656754,1.08102779,1.572213039,2.317181993,0.5,-1.244968954,0.540513895
a,cs 5,2/15/1945,1.635003942,0.201912035,1.175400238,1.487471419,0.5,-0.812071181,0.100956018
a,cs 5,2/16/1945,1.294216522,3.789394765,-0.261444909,-1.380203669,0.5,0.61875876,1.894697383
a,cs 5,2/17/1945,1.119287639,0.09414815,0.189863722,-0.504561612,0.5,0.194425334,0.047074075
a,cs 5,2/18/1945,1.262872011,1.266612103,0.218618537,-0.435352311,0.5,0.153970848,0.633306052
a,cs 5,2/19/1945,1.42368489,-0.609622707,0.951203374,1.04182085,0.5,-0.590617476,-0.304811354
a,cs 5,2/20/1945,1.364379983,0.897068687,0.546845386,0.27559924,0.5,-0.228753854,0.448534344
a,cs 5,2/21/1945,2.542278882,1.117708196,2.717494441,4.5751671,0.5,-2.357672659,0.558854098
a,cs 5,2/22/1945,0.90088907,-5.422156498,0.982963517,1.080380895,0.5,-0.597417378,-2.711078249
a,cs 5,2/23/1945,1.487074132,-1.113235127,1.13725531,1.36565924,0.5,-0.72840393,-0.556617564
a,cs 5,2/24/1945,1.13439612,-0.370426173,0.345862266,-0.166654281,0.5,0.012516547,-0.185213087
a,cs 5,2/25/1945,0.913074397,1.541272299,-0.524791162,-1.934786482,0.5,0.90999532,0.77063615
a,cs 5,2/26/1945,1.093076995,0.197734751,0.161051681,-0.516052702,0.5,0.177104383,0.098867376
a,cs 5,2/27/1945,0.915348463,-2.508560842,0.402134251,-0.047680416,0.5,-0.050185333,-1.254280421
a,cs 5,2/28/1945,1.23329469,-1.255073577,0.691975732,0.485810719,0.5,-0.293834987,-0.627536789
a,cs 5,3/1/1945,0.73803083,-0.207472404,-0.450505321,-1.759709194,0.5,0.809203873,-0.103736202
a,cs 5,3/2/1945,1.021245895,0.103826393,0.018597221,-0.827381582,0.5,0.345978803,0.051913197
a,cs 5,3/3/1945,1.696611306,-0.794697846,1.51823688,2.178871612,0.5,-1.160634732,-0.397348923
a,cs 5,3/4/1945,1.671782869,2.218618627,0.781736546,0.678585356,0.5,-0.39684881,1.109309314
a,cs 5,3/5/1945,1.723527739,-2.54499097,1.925701584,2.963457384,0.5,-1.5377558,-1.272495485
a,cs 5,3/6/1945,0.707740067,-2.062542089,-0.093346064,-1.037805136,0.5,0.444459072,-1.031271045
a,cs 5,3/7/1945,1.982736203,2.129997719,1.415469544,1.964652965,0.5,-1.049183421,1.06499886
a,cs 5,3/8/1945,0.951817276,0.106914197,-0.104998112,-1.063887247,0.5,0.458889135,0.053457099
a,cs 5,3/9/1945,0.940290805,-0.887303569,0.101983858,-0.639044066,0.5,0.241027924,-0.443651785
a,cs 5,3/10/1945,1.943863358,-1.5567779,2.139335384,3.399452012,0.5,-1.760116628,-0.77838895
a,cs 5,3/11/1945,1.065345622,0.913077804,-0.097133498,-1.082134333,0.5,0.485000835,0.456538902
a,cs 5,3/12/1945,1.19522475,0.003101003,0.389500854,-0.069867856,0.5,-0.04063129,0.001550502
a,cs 5,3/13/1945,1.077802319,-0.794810897,0.319674281,-0.230475638,0.5,0.050149919,-0.397405449
a,cs 5,3/14/1945,1.694106536,0.265216675,1.277330717,1.693934103,0.5,-0.916603386,0.132608338
a,cs 5,3/15/1945,1.102801259,-3.744292402,0.998827819,1.10961646,0.5,-0.610788641,-1.872146201
a,cs 5,3/16/1945,1.406532906,1.58145271,0.413295945,-0.058114152,0.5,-0.028589903,0.790726355
a,cs 5,3/17/1945,1.321608279,-1.285083554,0.912946009,0.97466098,0.5,-0.561714971,-0.642541777
a,cs 5,3/18/1945,0.481102963,-1.069313327,-0.768879833,-2.412239025,0.5,1.143359192,-0.534656664
a,cs 5,3/19/1945,0.230904978,-2.604100319,-0.916732655,-2.713700274,0.5,1.296967619,-1.30205016
a,cs 5,3/20/1945,-0.372329129,-1.776253658,-2.245305792,-5.35991023,0.5,2.614604438,-0.888126829
a,cs 5,3/21/1945,1.515106863,-0.01310588,0.993465364,1.124370691,0.5,-0.630905327,-0.00655294
a,cs 5,3/22/1945,0.708658954,-1.795456897,-0.157411859,-1.1733285,0.5,0.515916641,-0.897728449
a,cs 5,3/23/1945,2.281862534,2.436504464,1.915361377,2.957743519,0.5,-1.542382142,1.218252232
a,cs 5,3/24/1945,0.54153519,1.440313964,-1.208007419,-3.293724737,0.5,1.585717318,0.720156982
a,cs 5,3/25/1945,2.179591194,1.086691574,2.022602915,3.179040662,0.5,-1.656437747,0.543345787
a,cs 5,3/26/1945,1.702430844,-0.795326929,1.469413605,2.018530719,0.5,-1.049117114,-0.397663465
a,cs 5,3/27/1945,1.524217288,-1.306071543,1.308428142,1.767987267,0.5,-0.959559125,-0.653035772
a,cs 5,3/28/1945,0.789631803,0.168068668,-0.438745881,-1.741006225,0.5,0.802260344,0.084034334
a,cs 5,3/29/1945,1.208299862,3.701814423,-0.399911772,-1.649776905,0.5,0.749865133,1.850907212
a,cs 5,3/30/1945,1.751107925,4.106679436,0.535331538,0.203177336,0.5,-0.167845798,2.053339718
a,cs 5,3/31/1945,1.446049172,-0.453833797,0.931798138,0.973774245,0.5,-0.541976107,-0.226916899
a,cs 5,4/1/1945,1.420673726,-0.749618419,0.991360099,1.137924929,0.5,-0.64656483,-0.37480921
a,cs 5,4/2/1945,0.796887094,-3.073387757,0.27051825,-0.340766821,0.5,0.111285071,-1.536693879
a,cs 5,4/3/1945,0.762035483,-0.888141557,-0.255471062,-1.370375419,0.5,0.614904357,-0.444070779
a,cs 5,4/4/1945,1.151822147,2.334614368,-0.249679072,-1.393242629,0.5,0.643563557,1.167307184
a,cs 5,4/5/1945,1.212806074,2.93048791,-0.287070308,-1.492329935,0.5,0.705259627,1.465243955
a,cs 5,4/6/1945,1.32453776,0.001912895,0.656795788,0.484548199,0.5,-0.327752411,0.000956448
a,cs 5,4/7/1945,1.534280171,1.283682208,0.781810613,0.739404869,0.5,-0.457594256,0.641841104
a,cs 5,4/8/1945,0.896863011,0.410160009,-0.286215946,-1.435837139,0.5,0.649621193,0.205080005
a,cs 5,4/9/1945,0.901187767,-3.404693994,0.518461688,0.12908514,0.5,-0.110623452,-1.702346997
a,cs 5,4/10/1945,1.962014974,-0.0705013,1.850687966,2.82571517,0.5,-1.475027204,-0.03525065
a,cs 5,4/11/1945,1.691873538,-1.042675785,1.567863551,2.282479853,0.5,-1.214616302,-0.521337893
a,cs 5,4/12/1945,1.46185371,-1.368340904,1.193634661,1.529144933,0.5,-0.835510272,-0.684170452
a,cs 5,4/13/1945,1.537424174,0.687022452,0.887160505,0.916837949,0.5,-0.529677444,0.343511226
a,cs 5,4/14/1945,1.871007198,1.01003727,1.462650701,2.074828689,0.5,-1.112177988,0.505018635
a,cs 5,4/15/1945,1.572601844,0.139580966,1.040569183,1.18772243,0.5,-0.647153247,0.069790483
a,cs 5,4/16/1945,1.408386728,-2.199011365,1.275331794,1.69416405,0.5,-0.918832256,-1.099505683
a,cs 5,4/17/1945,1.374297287,-0.274697909,0.76328643,0.645618867,0.5,-0.382332437,-0.137348955
a,cs 5,4/18/1945,0.965971398,-0.568407995,0.044014075,-0.793660335,0.5,0.33767441,-0.284203998
a,cs 5,4/19/1945,0.385093611,1.366961088,-1.491707896,-3.860896466,0.5,1.86918857,0.683480544
a,cs 5,4/20/1945,0.060854389,-2.040845013,-1.336175032,-3.520689207,0.5,1.684514175,-1.020422507
a,cs 5,4/21/1945,0.628036012,-0.500026648,-0.609151257,-2.089533371,0.5,0.980382114,-0.250013324
a,cs 5,4/22/1945,1.89520932,2.207778867,1.25615906,1.672800775,0.5,-0.916641715,1.103889434
a,cs 5,4/23/1945,1.365919206,0.693747603,0.542708341,0.213304636,0.5,-0.170596295,0.346873802
a,cs 5,4/24/1945,0.841057234,1.059678632,-0.544913577,-1.962424905,0.5,0.917511328,0.529839316
a,cs 5,4/25/1945,1.823352925,5.359788515,0.401223094,-0.061994019,0.5,-0.036782887,2.679894258
a,cs 5,4/26/1945,0.783321668,-3.602675154,0.421453892,0.024242315,0.5,-0.102788423,-1.801337577
a,cs 5,4/27/1945,0.801358498,1.034667212,-0.590086393,-2.026213437,0.5,0.936127044,0.517333606
a,cs 5,4/28/1945,0.209141446,-3.36782004,-0.80654993,-2.510059241,0.5,1.203509311,-1.68391002
a,cs 5,4/29/1945,0.831228121,-0.321728757,-0.244886457,-1.346657444,0.5,0.601770987,-0.160864379
a,cs 5,4/30/1945,0.201643559,1.980698786,-1.965434741,-4.794683875,0.5,2.329249134,0.990349393
a,cs 5,5/1/1945,1.335375466,1.05042373,0.394022095,-0.096227156,0.5,-0.009750749,0.525211865
a,cs 5,5/2/1945,1.200540939,-1.475286966,0.741502366,0.651513847,0.5,-0.410011481,-0.737643483
a,cs 5,5/3/1945,1.979946589,1.39285661,1.554537529,2.22433244,0.5,-1.169794911,0.696428305
a,cs 5,5/4/1945,1.823674302,-2.427474013,2.112292673,3.35786676,0.5,-1.745574087,-1.213737007
a,cs 5,5/5/1945,1.362035571,-0.534643655,0.834993769,0.828716584,0.5,-0.493722815,-0.267321828
a,cs 5,5/6/1945,1.324285952,1.396906275,0.331660343,-0.184340336,0.5,0.016000679,0.698453138
a,cs 5,5/7/1945,1.177618155,2.03218,-0.112149275,-1.09572238,0.5,0.483573105,1.01609
a,cs 5,5/8/1945,1.392242212,0.155651386,0.723200436,0.586449978,0.5,-0.363249542,0.077825693
a,cs 5,5/9/1945,1.904894508,1.248514423,1.466626777,2.073842862,0.5,-1.107216085,0.624257212
a,cs 5,5/10/1945,1.676901679,1.950449331,0.869327197,0.873365219,0.5,-0.504038022,0.975224666
a,cs 5,5/11/1945,1.055335695,-2.165176592,0.582763042,0.300704471,0.5,-0.217941429,-1.082588296
a,cs 5,5/12/1945,0.957905977,3.277171326,-0.779999737,-2.402890332,0.5,1.122890595,1.638585663
a,cs 5,5/13/1945,1.688719576,1.911456253,0.917525005,0.987441446,0.5,-0.569916441,0.955728127
a,cs 5,5/14/1945,0.962717584,-2.177535219,0.379856655,-0.134289139,0.5,0.014145794,-1.08876761
a,cs 5,5/15/1945,1.983295943,-0.742919862,2.018891027,3.140747525,0.5,-1.621856498,-0.371459931
a,cs 5,5/16/1945,0.957612326,-1.740434151,0.285878874,-0.309789078,0.5,0.095667952,-0.870217076
a,cs 5,5/17/1945,1.383264821,-2.811497598,1.37444242,1.905514827,0.5,-1.031072407,-1.405748799
a,cs 5,5/18/1945,1.280730321,1.330351256,0.239484333,-0.392961852,0.5,0.132446185,0.665175628
a,cs 5,5/19/1945,-0.028050089,-3.67165999,-1.189932513,-3.271898023,0.5,1.58196551,-1.835829995
a,cs 5,5/20/1945,1.49321126,0.258678398,0.864218823,0.837224539,0.5,-0.473005716,0.129339199
a,cs 5,5/21/1945,0.486502017,-2.032937001,-0.566242472,-2.027450284,0.5,0.961207812,-1.016468501
a,cs 5,5/22/1945,0.836885788,-0.989913698,-0.082027351,-1.015667956,0.5,0.433640605,-0.494956849
a,cs 5,5/23/1945,1.588952667,0.942454167,0.926847315,0.99311721,0.5,-0.566269895,0.471227084
a,cs 5,5/24/1945,1.785328232,1.240990463,1.257398243,1.674617546,0.5,-0.917219303,0.620495232
a,cs 5,5/25/1945,0.902184163,-0.723909454,-0.024996828,-0.911731063,0.5,0.386734235,-0.361954727
a,cs 5,5/26/1945,1.089569729,-1.153080107,0.396189407,-0.103355981,0.5,-0.000454612,-0.576540054
a,cs 5,5/27/1945,1.460850688,2.100253124,0.416991086,-0.036528519,0.5,-0.046480395,1.050126562
a,cs 5,5/28/1945,1.368752262,1.107854913,0.471629137,0.086329749,0.5,-0.114700612,0.553927457
a,cs 5,5/29/1945,1.626096953,2.252364858,0.701570987,0.533771675,0.5,-0.332200688,1.126182429
a,cs 5,5/30/1945,0.711568003,-1.068905843,-0.306921221,-1.4674461,0.5,0.660524879,-0.534452922
a,cs 5,5/31/1945,1.165744736,1.809886561,-0.07471209,-1.00904224,0.5,0.43433015,0.904943281
a,cs 5,6/1/1945,1.265153576,0.554153806,0.379867155,-0.112664265,0.5,-0.00746858,0.277076903
a,cs 5,6/2/1945,-0.103174066,2.288414497,-2.601154449,-6.048822438,0.5,2.947667989,1.144207249
a,cs 5,6/3/1945,1.616365341,0.62182056,1.09796907,1.385442744,0.5,-0.787473674,0.31091028
a,cs 5,6/4/1945,1.666006645,-0.692005332,1.427723837,1.988222119,0.5,-1.060498282,-0.346002666
a,cs 5,6/5/1945,0.732817412,1.79884376,-0.907736304,-2.680413488,0.5,1.272677184,0.89942188
a,cs 5,6/6/1945,1.492828829,1.379561473,0.629816242,0.381813266,0.5,-0.251997024,0.689780737
a,cs 5,6/7/1945,2.183288022,5.265225431,1.121991825,1.389576246,0.5,-0.767584421,2.632612716
a,cs 5,6/8/1945,0.643453384,-1.729448982,-0.307790561,-1.485346025,0.5,0.677555464,-0.864724491
a,cs 5,6/9/1945,0.730218498,-2.171665936,-0.071448616,-1.041158941,0.5,0.469710325,-1.085832968
a,cs 5,6/10/1945,0.671988785,-2.589761792,-0.059009378,-0.982732832,0.5,0.423723454,-1.294880896
a,cs 5,6/11/1945,0.984177847,-1.074876714,0.213951499,-0.429144007,0.5,0.143095506,-0.537438357
a,cs 5,6/12/1945,1.354645776,-3.378285458,1.412853794,1.949646699,0.5,-1.036792905,-1.689142729
a,cs 5,6/13/1945,1.464713112,-1.798894461,1.28318984,1.69718122,0.5,-0.91399138,-0.899447231
a,cs 5,6/14/1945,0.937023373,1.401118697,-0.485191408,-1.894333625,0.5,0.909142217,0.700559349
a,cs 5,6/15/1945,0.564701721,-3.082971229,-0.13439459,-1.110646795,0.5,0.476252205,-1.541485615
a,cs 5,6/16/1945,1.074046824,-0.979799684,0.355465943,-0.156483112,0.5,0.011949055,-0.489899842
a,cs 5,6/17/1945,0.562432657,-0.726888864,-0.67808513,-2.220102813,0.5,1.042017683,-0.363444432
a,cs 5,6/18/1945,0.526157555,-1.00819112,-0.720977468,-2.342575469,0.5,1.121598001,-0.50409556
a,cs 5,6/19/1945,0.931195903,-1.185498995,0.140618464,-0.571684282,0.5,0.212302746,-0.592749498
a,cs 5,6/20/1945,1.730916499,2.38655385,0.909378074,0.987213728,0.5,-0.577835654,1.193276925
a,cs 5,6/21/1945,0.582389895,-1.235145043,-0.518010003,-1.889506597,0.5,0.871496594,-0.617572522
a,cs 5,6/22/1945,1.757742901,-0.679086326,1.597983174,2.325770792,0.5,-1.227787618,-0.339543163
a,cs 5,6/23/1945,1.484986499,-1.301746166,1.186997716,1.477957054,0.5,-0.790959338,-0.650873083
a,cs 5,6/24/1945,1.429054717,4.678070724,-0.176983162,-1.189080939,0.5,0.512097777,2.339035362
a,cs 5,6/25/1945,0.587610354,-1.829193172,-0.383664619,-1.627401154,0.5,0.743736535,-0.914596586
a,cs 5,6/26/1945,1.57192165,-0.206452057,1.111916241,1.326818253,0.5,-0.714902012,-0.103226029
a,cs 5,6/27/1945,1.041140995,-2.762157236,0.712328124,0.586422399,0.5,-0.374094275,-1.381078618
a,cs 5,6/28/1945,1.256034858,0.615062701,0.361717616,-0.13568315,0.5,-0.002599234,0.307531351
a,cs 5,6/29/1945,1.277312809,-2.582466304,1.067224575,1.23515274,0.5,-0.667928165,-1.291233152
a,cs 5,6/30/1945,0.847559117,1.496194774,-0.613205895,-2.083118546,0.5,0.969912651,0.748097387
a,cs 5,7/1/1945,1.121681003,2.586390622,-0.342894516,-1.558852178,0.5,0.715957662,1.293195311
a,cs 5,7/2/1945,1.125161967,-3.167708183,0.928145157,0.982054077,0.5,-0.55390892,-1.583854092
a,cs 5,7/3/1945,1.873855526,1.70804797,1.256291547,1.601306984,0.5,-0.845015437,0.854023985
a,cs 5,7/4/1945,1.452916333,3.880921204,0.03565977,-0.772594838,0.5,0.308254608,1.940460602
a,cs 5,7/5/1945,1.679374192,1.238309914,1.023990345,1.175706486,0.5,-0.651716141,0.619154957
a,cs 5,7/6/1945,1.250498651,-4.140072356,1.381902888,1.889062297,0.5,-1.007159409,-2.070036178
a,cs 5,7/7/1945,0.662049968,-3.340241946,0.113861538,-0.608959795,0.5,0.222821333,-1.670120973
a,cs 5,7/8/1945,2.599976167,2.707955189,2.432960802,3.958699952,0.5,-2.02573915,1.353977595
a,cs 5,7/9/1945,2.451255054,3.57362256,1.998410177,3.132434177,0.5,-1.634024,1.78681128
a,cs 5,7/10/1945,1.19307889,-3.518871632,1.16655008,1.491096211,0.5,-0.824546131,-1.759435816
a,cs 5,7/11/1945,1.43764151,-0.871374702,1.027342201,1.185551625,0.5,-0.658209424,-0.435687351
a,cs 5,7/12/1945,1.631605026,1.437990368,0.901643528,0.944765924,0.5,-0.543122396,0.718995184
a,cs 5,7/13/1945,1.333183365,0.783959561,0.447633048,0.010173472,0.5,-0.062540424,0.391979781
a,cs 5,7/14/1945,1.080515777,3.19306457,-0.53084747,-1.909287589,0.5,0.878440119,1.596532285
a,cs 5,7/15/1945,0.644378977,-0.261079192,-0.623837524,-2.112107696,0.5,0.988270172,-0.130539596
a,cs 5,7/16/1945,2.146257925,-1.045587381,2.409619314,3.934304794,0.5,-2.02468548,-0.522793691
a,cs 5,7/17/1945,1.511435769,0.216290628,0.959903581,1.082200464,0.5,-0.622296883,0.108145314
