cs,week,gqv,tv,print,ps_imps,search,disp_imps,display,dts,web,sales
cs 1,12/30/1944,0.196618823,1.996084924,0.959136535,1.154403902,0.576602773,0.550066511,0.304346894,0.021528463,0.618830408,0.505767461
cs 1,12/31/1944,0.199474254,1.964677687,0.979969975,1.261106718,0.586808791,0.653856644,0.307066126,0.021197858,0.621082314,0.506196062
cs 1,1/1/1945,0.205108399,1.908565898,1.027947278,1.019123805,0.553755207,0.789085249,0.309166382,0.020606576,0.615201047,0.507861494
cs 1,1/2/1945,0.199101151,1.922791924,0.985153018,1.0331511,0.556076623,0.698165921,0.3055466,0.02075656,0.615124594,0.503468402
cs 1,1/3/1945,0.199852569,1.974022966,0.982634072,1.080018438,0.566222917,0.776238365,0.31455257,0.021296257,0.618338062,0.507096635
cs 1,1/4/1945,0.191808454,2.094545157,0.916275471,1.197862633,0.589101004,0.761398541,0.324760143,0.022563266,0.624167145,0.507853535
cs 1,1/5/1945,0.193688668,1.904939793,0.947898641,1.308923708,0.586989158,0.766113684,0.307577967,0.020568338,0.621121548,0.497619645
cs 1,1/6/1945,0.206004312,1.891240005,1.035644918,1.03869606,0.554795471,0.720007416,0.303765015,0.020423841,0.614598716,0.507530535
cs 1,1/7/1945,0.214750607,2.109733338,1.078765017,1.274849956,0.601228425,0.754965509,0.325791381,0.022722672,0.626593651,0.529121072
cs 1,1/8/1945,0.203754996,1.997092778,1.007104171,1.086979473,0.569386888,0.641477666,0.309428484,0.021539068,0.618215719,0.511870175
cs 1,1/9/1945,0.218703819,1.998221521,1.123297589,1.027887008,0.563892051,0.823322782,0.319283926,0.021550945,0.618615586,0.526298576
cs 1,1/10/1945,0.195614854,2.211166221,0.933209839,1.275712349,0.607270774,0.687440271,0.331351541,0.023785755,0.628627526,0.518664218
cs 1,1/11/1945,0.203861703,2.086103465,1.002451597,1.147355515,0.583791662,0.635077529,0.317322161,0.022474642,0.622110092,0.517924144
cs 1,1/12/1945,0.191194179,1.900938731,0.927996088,1.184561367,0.571822696,0.65200885,0.300937076,0.020526142,0.617352205,0.494548175
cs 1,1/13/1945,0.202273589,1.890888721,1.009568795,1.136860156,0.56640025,0.613911911,0.297862028,0.020420135,0.615899485,0.504250317
cs 1,1/14/1945,0.189603863,1.904264792,0.915464562,1.476877907,0.605495983,0.716683629,0.304813501,0.02056122,0.624210579,0.493493859
cs 1,1/15/1945,0.201509611,2.039508965,0.987504565,1.506535734,0.619985171,0.609453118,0.311647271,0.021985148,0.62806201,0.512963129
cs 1,1/16/1945,0.208102953,1.932079413,1.047213879,1.027841227,0.557169507,0.731914533,0.308260131,0.02085445,0.615724187,0.512037025
cs 1,1/17/1945,0.19633496,2.110697323,0.945981825,1.109519493,0.580608816,0.76105488,0.326195949,0.022732788,0.622815414,0.512713312
cs 1,1/18/1945,0.208576901,1.932486272,1.050871812,1.290864429,0.588573087,0.751534607,0.309363824,0.020858737,0.621700851,0.512800367
cs 1,1/19/1945,0.202984475,2.05689764,0.995376681,0.975626436,0.560816001,0.624747234,0.314081419,0.022167887,0.617369256,0.514718421
cs 1,1/20/1945,0.199292097,1.823108243,0.995140019,1.234042074,0.572138466,0.628445298,0.292132847,0.019704511,0.616079724,0.497325314
cs 1,1/21/1945,0.206127852,2.181226532,1.007831466,0.901790364,0.562623069,0.774040116,0.333154968,0.023472238,0.620592403,0.525307367
cs 1,1/22/1945,0.199407749,1.965733987,0.979875849,0.920766012,0.545747686,0.72068994,0.310793867,0.021208981,0.614036391,0.505932618
cs 1,1/23/1945,0.202201805,1.964671398,0.998993673,1.357556424,0.598056739,0.757972847,0.312706481,0.021197792,0.623985482,0.508740729
cs 1,1/24/1945,0.200080153,1.948497165,0.985762809,1.315788982,0.591856946,0.726858086,0.309520748,0.021027437,0.622355312,0.505794236
cs 1,1/25/1945,0.194279105,2.065146504,0.933532026,0.820254435,0.541132169,0.806955753,0.324494843,0.022254548,0.615296169,0.507457202
cs 1,1/26/1945,0.204683536,2.120913114,1.004264179,1.013428092,0.57092324,0.709935556,0.324442819,0.022839971,0.620787825,0.520586682
cs 1,1/27/1945,0.192051892,1.925039363,0.930530253,1.325989616,0.590383102,0.674732434,0.304474689,0.02078025,0.621341434,0.496895731
cs 1,1/28/1945,0.207577862,1.973841786,1.041917683,1.097260836,0.569086045,0.717773041,0.311390585,0.021294349,0.618413876,0.51453859
cs 1,1/29/1945,0.210382474,2.124354087,1.044456134,1.24103216,0.598153086,0.696393311,0.324043549,0.022876068,0.625785992,0.525965334
cs 1,1/30/1945,0.198953828,2.180743521,0.955948031,1.104621932,0.585930293,0.919009614,0.340494537,0.023467179,0.625934517,0.519161373
cs 1,1/31/1945,0.206276598,2.136357147,1.017974875,1.214583775,0.595710113,0.734735105,0.3271272,0.023001959,0.625782027,0.523592686
cs 1,2/1/1945,0.191933874,1.948774829,0.927691174,1.281678853,0.587166998,0.73795281,0.310147836,0.021030363,0.621567251,0.498329742
cs 1,2/2/1945,0.203519131,2.040820657,1.003371111,1.429459347,0.611955995,0.714108217,0.317378402,0.021998935,0.627345341,0.515005419
cs 1,2/3/1945,0.20864607,2.071147756,1.033919489,0.81267473,0.542271713,0.846965238,0.327124229,0.022317586,0.615892404,0.520447948
cs 1,2/4/1945,0.190936407,2.00130346,0.91489833,1.124012926,0.572847388,0.668496842,0.311283201,0.021583371,0.619124955,0.500510366
cs 1,2/5/1945,0.19635503,2.186385251,0.939493295,0.908136601,0.562808341,0.74516966,0.332127335,0.023526275,0.620482876,0.517286008
cs 1,2/6/1945,0.193252149,2.06005693,0.926757163,1.351936756,0.603930813,0.706169079,0.318717498,0.02220108,0.626043281,0.506724138
cs 1,2/7/1945,0.209178992,2.002404893,1.051345701,0.890518054,0.54618942,0.711030814,0.3136761,0.021594959,0.614574235,0.517599607
cs 1,2/8/1945,0.20382591,1.835805825,1.024427254,1.470973999,0.600941738,0.721812878,0.298588375,0.019838661,0.622403349,0.502354273
cs 1,2/9/1945,0.208454453,2.032998222,1.039383037,1.128412808,0.577744731,0.810072765,0.321749425,0.021916706,0.62156185,0.518641128
cs 1,2/10/1945,0.191200882,1.980679621,0.921218727,1.780375456,0.643319757,0.815470435,0.317261362,0.021366332,0.633240633,0.500446865
cs 1,2/11/1945,0.207170836,1.781934642,1.055287088,1.13157386,0.557066632,0.702378687,0.292304087,0.019269225,0.613261426,0.50185686
cs 1,2/12/1945,0.195350966,2.061586332,0.9420181,1.422819872,0.61203194,0.529051408,0.309354081,0.022217148,0.626256721,0.508778685
cs 1,2/13/1945,0.192854441,1.991833182,0.928910495,0.914570116,0.546534811,0.588479101,0.306049692,0.021483722,0.613527168,0.501338006
cs 1,2/14/1945,0.205705631,2.034121527,1.021958627,1.334239638,0.601157834,0.548777024,0.307856079,0.021928515,0.623962768,0.516675469
cs 1,2/15/1945,0.205179214,1.983894537,1.022205626,1.216970818,0.583804436,0.681689433,0.310375786,0.021400172,0.621011531,0.512927779
cs 1,2/16/1945,0.207703337,2.03701184,1.035960991,1.183641365,0.584448279,0.868582784,0.325184794,0.021958899,0.623299865,0.518586216
cs 1,2/17/1945,0.207840733,2.022999259,1.036362254,1.317176472,0.598592842,0.502003568,0.304252616,0.021811574,0.622961655,0.517611731
cs 1,2/18/1945,0.19747097,1.957460002,0.965916246,0.97284807,0.551378425,0.718960538,0.309929197,0.021121847,0.61493083,0.503581066
cs 1,2/19/1945,0.187019372,1.949350491,0.891245236,1.245560888,0.582539233,0.671924358,0.306611909,0.021036427,0.620203968,0.493567361
cs 1,2/20/1945,0.19259929,1.864939827,0.940150473,0.84656782,0.526340251,0.683357528,0.299239157,0.020146307,0.608730167,0.49298143
cs 1,2/21/1945,0.195534466,2.013043957,0.948878825,0.970183515,0.555623626,0.71245442,0.314735211,0.021706876,0.616461687,0.505608035
cs 1,2/22/1945,0.195470251,1.962600261,0.950961918,1.181556387,0.576959841,0.713519722,0.310113917,0.021175982,0.619677466,0.502273747
cs 1,2/23/1945,0.213092717,2.035435299,1.072889396,1.41471275,0.610839027,0.722454721,0.317329044,0.021942326,0.627121546,0.523181693
cs 1,2/24/1945,0.194926048,1.94612116,0.950656387,1.330464429,0.592837224,0.729418519,0.309437726,0.021002407,0.622524575,0.501137201
cs 1,2/25/1945,0.205649414,2.234233298,0.999590633,1.419794331,0.625442219,0.591670251,0.32845157,0.024027151,0.631667598,0.528542016
cs 1,2/26/1945,0.20227039,1.936833295,1.003602403,1.489633044,0.610564268,0.637292732,0.303533872,0.020904547,0.625027518,0.507321379
cs 1,2/27/1945,0.199100248,2.011168555,0.972629539,1.170779481,0.580005832,0.822569779,0.320424534,0.02168715,0.621766583,0.508727756
cs 1,2/28/1945,0.204756649,2.187935463,0.995530701,1.129896717,0.589983009,0.693226482,0.329583537,0.023542511,0.625123929,0.524488974
cs 1,3/1/1945,0.208467115,2.089159588,1.034766411,1.105175189,0.579576629,0.662479704,0.319058403,0.022506728,0.621578807,0.522095904
cs 1,3/2/1945,0.195370058,1.935533299,0.95612247,0.948494567,0.546177235,0.692914395,0.306458897,0.020890848,0.613456604,0.500617827
cs 1,3/3/1945,0.208752253,2.066669078,1.037048697,1.130561221,0.580758145,0.596070903,0.313445073,0.022270543,0.62097298,0.520741858
cs 1,3/4/1945,0.220399304,1.996014909,1.132989588,1.0682264,0.568761414,0.708995785,0.312975265,0.021527726,0.618605214,0.527316645
cs 1,3/5/1945,0.213475627,1.764510497,1.104063151,1.443067557,0.593180675,0.71344909,0.291234603,0.019084886,0.619832055,0.50709236
cs 1,3/6/1945,0.208910697,1.983959638,1.053004278,1.432468474,0.608496041,0.788230277,0.31610968,0.021400857,0.626451006,0.51701627
cs 1,3/7/1945,0.20072813,2.027895866,0.989065776,1.137992637,0.577676296,0.657589988,0.313163055,0.021863061,0.620317375,0.511954684
cs 1,3/8/1945,0.201516035,2.079770092,0.985051163,1.398712184,0.611351497,0.657217353,0.317920075,0.022408139,0.627350279,0.515548443
cs 1,3/9/1945,0.192414819,1.79802617,0.943100997,1.090383963,0.551754887,0.825808774,0.300748427,0.019439396,0.61350317,0.488471096
cs 1,3/10/1945,0.205704568,2.053940871,1.016344837,1.23621377,0.591643309,0.659758037,0.315683899,0.02213682,0.623304687,0.517380041
cs 1,3/11/1945,0.201665832,2.137376572,0.981351208,0.713981713,0.534675953,0.679086114,0.324311803,0.02301265,0.614185424,0.518645914
cs 1,3/12/1945,0.202768394,1.809772122,1.022739441,1.521157733,0.604420722,0.610546946,0.28982041,0.01956357,0.621813272,0.500161354
cs 1,3/13/1945,0.211135314,1.737588525,1.08859143,1.161456178,0.557392484,0.666340874,0.285915965,0.018799911,0.61236757,0.502773315
cs 1,3/14/1945,0.205566807,2.028785808,1.019948282,1.123806387,0.576565657,0.753767306,0.318385617,0.021872418,0.620857696,0.515898342
cs 1,3/15/1945,0.198568587,1.744405987,0.994149387,1.210385845,0.562649574,0.812483897,0.294862591,0.018872093,0.614613598,0.491140094
cs 1,3/16/1945,0.193107985,1.928082414,0.93533392,1.453075382,0.60501695,0.73667812,0.308144876,0.020812324,0.624613292,0.497904397
cs 1,3/17/1945,0.206816,2.048964804,1.031517969,1.620194734,0.63311598,0.716562603,0.31825503,0.02208453,0.631497272,0.5192692
cs 1,3/18/1945,0.207890329,2.138648439,1.027260964,0.84004356,0.551548853,0.541102283,0.317135949,0.023025987,0.616204668,0.524457723
cs 1,3/19/1945,0.203564301,2.034766522,1.001536125,0.983169084,0.559926719,0.770877073,0.319839372,0.021935295,0.618009211,0.513908767
cs 1,3/20/1945,0.210574133,1.86101045,1.074236183,1.419438924,0.597767964,0.601028445,0.294263809,0.020104827,0.621228489,0.510487593
cs 1,3/21/1945,0.20350969,1.99004559,1.006089991,1.011085361,0.559553845,0.734089598,0.313771515,0.02146491,0.617017707,0.511172518
cs 1,3/22/1945,0.211326048,2.028913312,1.06409887,1.086310931,0.57271488,0.665875198,0.313702444,0.021873759,0.61947645,0.521295783
cs 1,3/23/1945,0.198867945,2.017119235,0.971261407,0.926303726,0.550863216,0.788465734,0.319161106,0.021749738,0.616235016,0.508735435
cs 1,3/24/1945,0.200940251,2.047881103,0.984489518,0.971124075,0.559283869,0.719291487,0.318300882,0.022073141,0.617684565,0.512717903
cs 1,3/25/1945,0.201295791,2.011103601,0.992302551,1.380089761,0.604067005,0.770320026,0.317646746,0.021686467,0.625863575,0.51139009
cs 1,3/26/1945,0.198906257,2.027290805,0.96857628,1.231128825,0.588283461,0.666335342,0.313577091,0.021856699,0.622349028,0.509428204
cs 1,3/27/1945,0.20015976,2.079696822,0.973985221,1.139568954,0.582000047,0.611869423,0.315494701,0.02240737,0.621509855,0.513896757
cs 1,3/28/1945,0.199363675,2.134199781,0.962936988,0.966894618,0.56587865,0.661953126,0.323125557,0.022979335,0.619685758,0.516388386
cs 1,3/29/1945,0.193911,2.024921368,0.937113571,1.28958132,0.594280015,0.608437835,0.310234755,0.021831785,0.622995167,0.505297158
cs 1,3/30/1945,0.198877742,2.131280634,0.962178851,1.403653338,0.615503884,0.697738437,0.324739016,0.02294872,0.629151841,0.516515806
cs 1,3/31/1945,0.207099627,1.988283122,1.036750878,1.338918293,0.598268637,0.787692297,0.316478409,0.021446362,0.624584386,0.515225368
cs 1,4/1/1945,0.197418638,1.927276252,0.967944107,1.538617361,0.614717513,0.803835753,0.311707905,0.020803828,0.626946889,0.502156697
cs 1,4/2/1945,0.204754992,2.037520615,1.017512783,0.987904042,0.560865775,0.616161288,0.311824459,0.021964247,0.617032962,0.516052766
cs 1,4/3/1945,0.195217144,1.969171501,0.954722914,0.87021493,0.539133412,0.881496484,0.319715881,0.021245177,0.614130141,0.502984073
cs 1,4/4/1945,0.206918289,2.075284856,1.021341158,1.245147339,0.594454766,0.864912613,0.328427764,0.022361037,0.625666177,0.519639393
cs 1,4/5/1945,0.210658065,1.889037811,1.072853606,1.212953897,0.576204051,0.81975196,0.309005734,0.020400609,0.619297054,0.512273761
cs 1,4/6/1945,0.190998387,1.884263487,0.926829889,1.363294751,0.591322498,0.725346054,0.303398102,0.020350238,0.621320473,0.493317647
cs 1,4/7/1945,0.210523439,2.009044071,1.059779797,1.502799929,0.618159313,0.588485122,0.307666937,0.021664803,0.627125959,0.519688626
cs 1,4/8/1945,0.191450196,1.835177923,0.93643582,1.529731511,0.606234865,0.760014042,0.300647637,0.019832029,0.623691452,0.490941584
cs 1,4/9/1945,0.201065449,1.871786709,1.00186993,1.319693371,0.586318978,0.62179502,0.296466739,0.020218576,0.61939413,0.502006638
cs 1,4/10/1945,0.198581724,1.919169488,0.980547804,1.092494105,0.563002918,0.569012717,0.298073573,0.020718374,0.615332654,0.502618927
cs 1,4/11/1945,0.214046356,2.090856847,1.076316564,1.03634108,0.572139626,0.779076693,0.325352774,0.022524547,0.621109122,0.527253897
cs 1,4/12/1945,0.210080245,1.853414307,1.07051558,0.923469122,0.537329656,0.611799383,0.294134095,0.020024627,0.609980616,0.508939416
cs 1,4/13/1945,0.199017362,2.026516989,0.975273704,1.602586572,0.628967796,0.835051861,0.322477336,0.021848563,0.631271853,0.510628514
cs 1,4/14/1945,0.194018086,1.899044744,0.942778247,0.876722846,0.533564182,0.768979722,0.307180987,0.020506167,0.611224304,0.496036285
cs 1,4/15/1945,0.206104013,2.203690519,1.007420114,1.223369457,0.601900575,0.749803544,0.333896145,0.023707494,0.627977334,0.527174329
cs 1,4/16/1945,0.208568301,2.035585528,1.041302203,1.148573113,0.580333595,0.575514765,0.309445819,0.021943905,0.620291262,0.519006167
cs 1,4/17/1945,0.204013334,1.79505774,1.030602347,0.918980956,0.530814061,0.612695264,0.288502625,0.019408009,0.607920308,0.499410825
cs 1,4/18/1945,0.207417636,2.048444078,1.028451292,1.41667568,0.611502095,0.762102698,0.320621176,0.022079057,0.627724826,0.51868216
cs 1,4/19/1945,0.197525322,2.175480377,0.947562525,1.353766711,0.613284633,0.458821036,0.316129948,0.023412041,0.627568948,0.517821586
cs 1,4/20/1945,0.213332427,2.106645196,1.071033649,1.529437996,0.628393833,0.693915749,0.322311014,0.022690266,0.631226659,0.528177168
cs 1,4/21/1945,0.203038203,2.166890949,0.987432225,0.980462115,0.570611633,0.701154339,0.328115259,0.023322041,0.621310708,0.521830686
cs 1,4/22/1945,0.2031074,2.008815904,1.002405629,1.087201352,0.570318539,0.731748398,0.315378395,0.021662403,0.619250634,0.512184751
cs 1,4/23/1945,0.204307142,1.986423697,1.012861551,1.739048163,0.640668108,0.711947935,0.312244998,0.021426792,0.632041607,0.512450896
cs 1,4/24/1945,0.199136268,2.031072035,0.973923229,1.450328752,0.613083233,0.78243926,0.320114661,0.021896455,0.627932758,0.51063768
cs 1,4/25/1945,0.202706168,1.894598167,1.01318501,1.156654542,0.569139517,0.81365327,0.309194402,0.020459265,0.618021234,0.505086348
cs 1,4/26/1945,0.206359361,2.056148765,1.02219027,0.966028245,0.559931205,0.692115242,0.317612718,0.022160019,0.61771346,0.518007654
cs 1,4/27/1945,0.198099305,1.854787524,0.986018635,1.070907888,0.554824213,0.803336868,0.304893304,0.020039127,0.614723919,0.498468529
cs 1,4/28/1945,0.202737951,1.962535805,1.004278046,1.260174672,0.5868538,0.700992787,0.309429017,0.021175303,0.621422405,0.509131709
cs 1,4/29/1945,0.20203519,1.882662386,1.007979612,1.05063874,0.555118991,0.692189138,0.301418504,0.020333344,0.61431334,0.503360727
cs 1,4/30/1945,0.191110309,2.051277253,0.913462045,1.083680641,0.572174336,0.614890895,0.313031961,0.02210883,0.619305866,0.504065509
cs 1,5/1/1945,0.20520449,2.025540923,1.016707616,1.405327137,0.608321868,0.673843172,0.313818481,0.0218383,0.626141684,0.515502473
cs 1,5/2/1945,0.207253221,1.951177245,1.04078966,1.363298579,0.598141477,0.57576922,0.30150463,0.02105567,0.622411512,0.512933538
cs 1,5/3/1945,0.213755369,2.064785949,1.079647766,1.239829847,0.593694499,0.769189737,0.32247918,0.022250761,0.624664836,0.525976068
cs 1,5/4/1945,0.20172823,1.87600547,1.003904245,1.705382122,0.62908342,0.900536376,0.312161682,0.020263099,0.629688413,0.503067598
cs 1,5/5/1945,0.209209033,2.114791358,1.039900991,1.141267869,0.585915553,0.680138159,0.32232416,0.022775745,0.623249745,0.524620948
cs 1,5/6/1945,0.208188182,1.857520836,1.05771583,1.337955567,0.587992404,0.826560715,0.306421375,0.020067985,0.62109271,0.508141191
cs 1,5/7/1945,0.200332188,2.156512068,0.96802993,1.184762641,0.593330852,0.699017692,0.327074517,0.023213267,0.625353292,0.51888463
cs 1,5/8/1945,0.199479855,1.945598568,0.985378639,1.410617084,0.602256035,0.674007141,0.306372858,0.020996901,0.623863262,0.505601287
cs 1,5/9/1945,0.182033697,1.94658909,0.858243803,1.417298497,0.601407528,0.757770127,0.311016222,0.021007336,0.624357002,0.489219034
cs 1,5/10/1945,0.206188811,1.982841223,1.028504099,1.540132685,0.619819698,0.725430956,0.312638953,0.021389085,0.628106829,0.513964436
cs 1,5/11/1945,0.211675082,2.159893939,1.055169524,1.099257076,0.584906161,0.609770596,0.322708163,0.023248713,0.623167173,0.529645552
cs 1,5/12/1945,0.201177441,1.90053676,1.002502267,1.356136035,0.592784466,0.767985863,0.307266862,0.020521903,0.62215766,0.504359566
cs 1,5/13/1945,0.197647616,2.050221574,0.958283641,1.214204515,0.588035357,0.680415476,0.316445214,0.022097737,0.622735326,0.509832
cs 1,5/14/1945,0.191910085,1.972487239,0.925503284,1.266301453,0.587281064,0.483078741,0.298400611,0.021280088,0.619958953,0.499754198
cs 1,5/15/1945,0.202529263,2.018700064,0.996788331,0.817101351,0.537507662,0.918438984,0.326142177,0.021766363,0.614828973,0.511998134
cs 1,5/16/1945,0.201244364,2.034055082,0.988310154,1.035047082,0.565946106,0.619911796,0.311704864,0.021927816,0.617947071,0.512200166
cs 1,5/17/1945,0.199622445,2.212548104,0.957754288,1.252168061,0.60515863,0.728940821,0.333608428,0.02380022,0.628554935,0.521779003
cs 1,5/18/1945,0.193510956,2.004601219,0.934247384,1.202555031,0.582626854,0.740889485,0.315479155,0.021618066,0.621540368,0.503353245
cs 1,5/19/1945,0.200609527,1.969668298,0.990886853,1.285061842,0.590069956,0.668484662,0.308330618,0.021250408,0.62187634,0.507985643
cs 1,5/20/1945,0.207750448,2.080545561,1.027949841,1.327370221,0.60415728,0.673561924,0.318859393,0.022416283,0.626128501,0.520850011
cs 1,5/21/1945,0.217665642,2.149443895,1.103097925,1.253805858,0.602220695,0.762323608,0.329729351,0.023139175,0.627383304,0.5348376
cs 1,5/22/1945,0.192299632,1.887409949,0.935074153,1.35782139,0.591073402,0.708198593,0.302752561,0.020383435,0.621186459,0.494627902
cs 1,5/23/1945,0.200543949,1.72541105,1.009401006,1.300599952,0.572152095,0.722593716,0.287931428,0.018670948,0.61538066,0.491727874
cs 1,5/24/1945,0.205027516,2.012486485,1.017895651,1.46459524,0.613786321,0.801111896,0.319408645,0.021701012,0.627945713,0.514786848
cs 1,5/25/1945,0.200977099,1.866574842,0.998981457,1.244694901,0.577137265,0.714912408,0.301143365,0.020163565,0.618330985,0.50119582
cs 1,5/26/1945,0.197222908,1.999257928,0.962577358,0.857803569,0.540432132,0.737700808,0.314815976,0.021561849,0.613688759,0.506199068
cs 1,5/27/1945,0.211499865,2.202522986,1.049935868,1.082468843,0.586354496,0.907616935,0.341810925,0.02369527,0.626227038,0.532132201
cs 1,5/28/1945,0.187742033,2.027212462,0.892847372,1.31099255,0.596281915,0.678413765,0.314218238,0.021855876,0.623935509,0.499841637
cs 1,5/29/1945,0.214640197,2.022882171,1.089049638,1.000996981,0.562267337,0.611343887,0.310201983,0.021810343,0.617041967,0.52380904
cs 1,5/30/1945,0.209266497,1.979652946,1.048871376,1.092855883,0.569213528,0.648523567,0.308180082,0.021355525,0.617986155,0.515805479
cs 1,5/31/1945,0.195673672,1.979991387,0.952639625,1.352672815,0.598067794,0.710760715,0.31158367,0.021359088,0.623846175,0.503980569
cs 1,6/1/1945,0.192088856,1.722383737,0.947671905,1.099584081,0.546299334,0.661928035,0.284160751,0.018638882,0.61005416,0.483044646
cs 1,6/2/1945,0.204962441,2.070723495,1.009838185,1.314715557,0.601730335,0.741507306,0.321559355,0.02231313,0.626044084,0.517909081
cs 1,6/3/1945,0.203016415,2.048559284,1.000057845,0.860197824,0.545718676,0.764147672,0.320739737,0.022080268,0.615563006,0.51461379
cs 1,6/4/1945,0.209718913,2.105944499,1.039513361,1.129082559,0.583846107,0.583213891,0.31637852,0.022682912,0.622007982,0.523890119
cs 1,6/5/1945,0.202306403,2.024901987,0.998848062,1.256160229,0.591296358,0.682108787,0.31420303,0.021831582,0.622997727,0.513084738
cs 1,6/6/1945,0.206141439,2.187904083,1.009811539,1.41205556,0.621271311,0.625508275,0.326060222,0.023542183,0.630490229,0.52646234
cs 1,6/7/1945,0.205036045,1.938990394,1.022254225,1.251459845,0.584191361,0.761663785,0.310519272,0.020927277,0.621053784,0.509652348
cs 1,6/8/1945,0.209474637,2.031391668,1.048707967,1.332067753,0.601066084,0.702698876,0.315903691,0.021899816,0.625075882,0.519834895
cs 1,6/9/1945,0.209084056,1.968445656,1.048093162,1.188395346,0.579614679,0.73954119,0.312063687,0.021237535,0.620454288,0.515009937
cs 1,6/10/1945,0.19772395,1.914720249,0.975075851,1.353893998,0.593306893,0.536236877,0.295816434,0.020671468,0.620664164,0.501836836
cs 1,6/11/1945,0.207809261,2.091674979,1.030473016,1.180322114,0.588436813,0.736960116,0.323219169,0.022533136,0.623820496,0.521850492
cs 1,6/12/1945,0.202572286,1.83748103,1.016012248,1.253891946,0.57601062,0.633272654,0.293798958,0.019856357,0.617052414,0.501146575
cs 1,6/13/1945,0.193884929,2.029981088,0.933627643,1.299264571,0.595769271,0.733823894,0.317434341,0.021884985,0.62429772,0.505289549
cs 1,6/14/1945,0.198911377,2.010344569,0.975348254,1.01955191,0.561825754,0.76913145,0.31751391,0.021678483,0.61799527,0.508835149
cs 1,6/15/1945,0.207222055,1.831041478,1.0499168,1.054825349,0.55175154,0.549552026,0.288435397,0.019788331,0.611788617,0.504758117
cs 1,6/16/1945,0.210073002,1.920316187,1.064332057,1.077715388,0.562500779,0.506942916,0.294714902,0.020730463,0.614765047,0.513277991
cs 1,6/17/1945,0.211149278,1.868375693,1.075454967,1.114116017,0.562675029,0.718635643,0.301520453,0.020182574,0.615704154,0.5109244
cs 1,6/18/1945,0.200127684,1.996944607,0.986216872,1.206820202,0.583168706,0.656307103,0.310218229,0.021537509,0.620885336,0.509356212
cs 1,6/19/1945,0.20638478,1.977897719,1.029075087,1.131249403,0.573362405,0.71616127,0.311680553,0.021337048,0.619250666,0.513268989
cs 1,6/20/1945,0.192082348,1.937079769,0.932486706,1.251653052,0.582767421,0.757393563,0.310110065,0.020907144,0.620728292,0.498028976
cs 1,6/21/1945,0.210989937,1.99753113,1.06119867,1.176251103,0.580738271,0.632248718,0.308968631,0.02154368,0.620256283,0.518725088
cs 1,6/22/1945,0.203540618,2.013637878,1.006889168,1.163946555,0.579851912,0.626357021,0.31015298,0.021713123,0.620277488,0.513144726
cs 1,6/23/1945,0.208966855,1.912945044,1.054393729,1.195599013,0.575933905,0.830200598,0.311798928,0.020652751,0.619671152,0.511722269
cs 1,6/24/1945,0.203768253,1.835246822,1.023265359,1.282956324,0.579373319,0.742163055,0.299665137,0.019832756,0.618503825,0.501979453
cs 1,6/25/1945,0.201121705,2.022911253,0.986393536,1.325700061,0.598895068,0.628273028,0.311120272,0.021810648,0.623983889,0.51142465
cs 1,6/26/1945,0.203299609,2.093242255,0.995460935,1.131759517,0.582495216,0.862123344,0.329885816,0.022549589,0.62367465,0.517644928
cs 1,6/27/1945,0.207046743,1.950976318,1.037688605,1.13882861,0.572116412,0.627812127,0.304350787,0.021053553,0.617947066,0.512324975
cs 1,6/28/1945,0.200770455,2.029326153,0.986559847,1.42896382,0.610778771,0.640432401,0.312372165,0.021878099,0.626406855,0.512026008
cs 1,6/29/1945,0.20399278,2.081772332,1.00302792,0.999143275,0.565877562,0.660415531,0.318273406,0.022429165,0.618929098,0.517538519
cs 1,6/30/1945,0.220411608,2.051756489,1.126610895,0.988773243,0.563813099,0.972345394,0.331888015,0.022113866,0.620481447,0.530544594
cs 1,7/1/1945,0.184968649,1.87775266,0.884419165,1.018065436,0.548792087,0.605894156,0.296152143,0.020281537,0.612394299,0.486792485
cs 1,7/2/1945,0.206655065,1.910622139,1.041331554,1.041544636,0.556876847,0.720480004,0.305620928,0.020628258,0.615268477,0.509706122
cs 1,7/3/1945,0.215643877,2.198261046,1.082451135,1.062282444,0.584088495,0.594013292,0.325346554,0.023650645,0.623435222,0.535589693
cs 1,7/4/1945,0.189151039,1.892865991,0.909762035,1.076061317,0.55776751,0.634495518,0.299196145,0.020440993,0.614495835,0.491406647
cs 1,7/5/1945,0.208863916,1.900152547,1.059255839,1.250750492,0.581366578,0.566385869,0.296099751,0.020517851,0.618447142,0.511340972
cs 1,7/6/1945,0.199002431,2.02111845,0.974715759,1.094570711,0.571795302,0.813064312,0.320827708,0.021791796,0.620317602,0.509654749
cs 1,7/7/1945,0.203539972,1.883589982,1.017068695,1.072898484,0.558110495,0.72269583,0.303188521,0.020343132,0.615117355,0.504628067
cs 1,7/8/1945,0.20499005,2.061904425,1.012200229,1.479074603,0.619022868,0.7245729,0.319861923,0.02222049,0.629054611,0.517703073
cs 1,7/9/1945,0.206142348,1.891563592,1.034739666,0.907812995,0.538275815,0.647309674,0.299782782,0.020427254,0.611006358,0.507272165
cs 1,7/10/1945,0.207605179,1.91673805,1.041602578,0.789580781,0.525237951,0.830480448,0.31216618,0.020692741,0.610463324,0.509966101
cs 1,7/11/1945,0.202240082,1.916516288,1.008162949,1.0022042,0.55202312,0.582016594,0.298542937,0.020690403,0.613372667,0.505853803
cs 1,7/12/1945,0.206181813,1.925989666,1.039089126,0.91121475,0.541773644,0.77518149,0.310039194,0.020790267,0.613158628,0.510452816
cs 1,7/13/1945,0.206343034,2.170623023,1.008496301,1.048662279,0.579337607,0.680350957,0.327367696,0.023361148,0.622815132,0.524736578
cs 1,7/14/1945,0.20320467,1.863272817,1.017984903,1.139071244,0.564452495,0.812469752,0.306192682,0.02012871,0.616691965,0.503308194
cs 1,7/15/1945,0.203263662,2.011154355,1.005898392,1.052511136,0.566353923,0.708905865,0.314370601,0.021687001,0.618377885,0.512752411
cs 1,7/16/1945,0.210128896,2.026733327,1.054494173,1.40720855,0.609082372,0.710200245,0.315875902,0.021850838,0.626575901,0.52028103
cs 1,7/17/1945,0.209024726,1.830055446,1.061209662,1.373701003,0.589998824,0.606893609,0.291591305,0.019777914,0.619356013,0.506476071
cs 2,12/30/1944,0.262201328,1.934019908,1.000019362,1.261319438,0.605800983,0.823501118,0.225972527,0.101811361,0.622569959,0.557379766
cs 2,12/31/1944,0.262172725,1.998556308,0.967555529,1.489825408,0.630422278,0.778296741,0.223276127,0.104829356,0.627272682,0.559254162
cs 2,1/1/1945,0.242434291,1.869410603,0.849666913,1.103130967,0.584212374,0.66668415,0.204314805,0.098768801,0.615326354,0.534930742
cs 2,1/2/1945,0.273842758,2.054543313,1.056440039,1.181545459,0.612977227,0.681285457,0.213976205,0.107430663,0.623034757,0.572505783
cs 2,1/3/1945,0.273420082,2.090730658,1.034861672,1.491957574,0.640507128,0.664789933,0.213499024,0.109103772,0.628462831,0.573418339
cs 2,1/4/1945,0.261134556,1.850687636,1.024744549,1.049542232,0.578922163,0.800579846,0.219818518,0.097883107,0.616244271,0.553050943
cs 2,1/5/1945,0.255679516,1.965465604,0.920967903,1.647106986,0.638576957,0.591754261,0.199130979,0.103284515,0.625614156,0.551489921
cs 2,1/6/1945,0.266517942,2.075759943,0.978176808,1.180126396,0.614578498,0.716810137,0.219142054,0.108412388,0.624116239,0.565955984
cs 2,1/7/1945,0.263284583,1.971959876,0.991575665,1.126662128,0.598998002,0.808899638,0.22580351,0.103588134,0.62146366,0.55927317
cs 2,1/8/1945,0.270389969,1.992833454,1.050657696,0.674822347,0.563279267,0.554754433,0.195669065,0.104562577,0.610955138,0.566206235
cs 2,1/9/1945,0.271433888,2.059394767,1.030936685,1.26159862,0.619625795,0.660191591,0.211617932,0.107655343,0.624031565,0.570286283
cs 2,1/10/1945,0.271587491,2.069697204,1.028953698,1.395551233,0.631027138,0.527253632,0.195564941,0.108132082,0.624254531,0.570865441
cs 2,1/11/1945,0.262541984,2.146195378,0.909472418,1.206481858,0.623655603,0.751132903,0.226122351,0.111655718,0.62711923,0.564244007
cs 2,1/12/1945,0.245901898,1.793986557,0.908169644,0.620782331,0.532073708,0.512934604,0.181430506,0.09518978,0.602196538,0.534217454
cs 2,1/13/1945,0.265622755,1.974691285,1.015576019,1.312582588,0.614433655,0.636167692,0.205060404,0.103715769,0.621746691,0.56208168
cs 2,1/14/1945,0.267998568,1.949294557,1.04494697,1.056309298,0.591037631,0.528756729,0.190442215,0.102527565,0.61527796,0.562703167
cs 2,1/15/1945,0.252788704,1.844778805,0.951148317,1.026283433,0.575613943,0.647331513,0.200844142,0.097603214,0.613120715,0.544177279
cs 2,1/16/1945,0.272279311,1.911064343,1.102630616,1.125322858,0.592893208,0.754730597,0.216832178,0.100732785,0.618814706,0.566270877
cs 2,1/17/1945,0.270218651,2.0093716,1.041421832,1.21607735,0.610723173,0.757222723,0.221217041,0.105333079,0.623294541,0.567584774
cs 2,1/18/1945,0.261039052,1.854639426,1.018846523,0.896926019,0.566064844,0.579527724,0.192728315,0.098070198,0.610331747,0.552161806
cs 2,1/19/1945,0.263864337,2.032560127,0.966820396,1.154499734,0.607798782,0.602753057,0.203408578,0.106411122,0.620577086,0.561154931
cs 2,1/20/1945,0.269754157,2.143088476,0.974096694,0.930799285,0.601928034,0.663850914,0.215584366,0.111513164,0.621611439,0.570341901
cs 2,1/21/1945,0.261131061,1.906314255,1.003486216,1.164499629,0.594814591,0.789606092,0.220813522,0.100509265,0.619669179,0.555355625
cs 2,1/22/1945,0.268634336,1.938678755,1.056043832,0.830624976,0.57058508,0.702342317,0.211648866,0.102029932,0.614098778,0.562975566
cs 2,1/23/1945,0.261292619,1.897212865,1.000544351,1.431691608,0.615459786,0.751355117,0.215846052,0.10008067,0.622905715,0.554633546
cs 2,1/24/1945,0.269460538,2.054806539,1.010733442,1.255669932,0.618551666,0.716790572,0.218268084,0.107442856,0.624651798,0.567873446
cs 2,1/25/1945,0.251568301,1.781026052,0.968898461,1.041122281,0.569473436,0.770456481,0.213277912,0.094571797,0.613234109,0.541110431
cs 2,1/26/1945,0.269308793,1.92039733,1.073131426,1.167465308,0.597186764,0.76333554,0.218255568,0.101171622,0.619862207,0.563937223
cs 2,1/27/1945,0.261711624,2.10725604,0.918180248,1.19535419,0.618723087,0.610002443,0.207507813,0.109865679,0.623589493,0.56190169
cs 2,1/28/1945,0.262787135,1.873607008,1.030025996,1.27467503,0.600444251,0.845887527,0.226139743,0.098967066,0.621249966,0.555861538
cs 2,1/29/1945,0.262742345,1.79197694,1.062748781,1.17623271,0.583242549,0.565981887,0.18821399,0.095094015,0.61264541,0.552312373
cs 2,1/30/1945,0.261809406,1.991828829,0.963886094,0.907626021,0.582780013,0.828266104,0.228889191,0.104515728,0.618924813,0.557575324
cs 2,1/31/1945,0.266949702,1.953646578,1.032613645,1.264710596,0.608495239,0.663795415,0.207566826,0.102731408,0.620816411,0.562220561
cs 2,2/1/1945,0.251510619,1.88086367,0.928582672,1.613194768,0.627250503,0.79429592,0.220319049,0.099309702,0.625655822,0.545707184
cs 2,2/2/1945,0.265716597,2.073817433,0.965066681,1.361593641,0.628455645,0.658410394,0.212010584,0.108322597,0.625855626,0.564575526
cs 2,2/3/1945,0.264300286,2.043782257,0.969581889,1.347156257,0.624192582,0.667738548,0.211877146,0.106931883,0.624858632,0.562693466
cs 2,2/4/1945,0.259847984,1.931584921,0.976912171,1.033375769,0.586548777,0.598092843,0.198450834,0.101697079,0.615353757,0.554016784
cs 2,2/5/1945,0.268681405,1.943677827,1.054816284,1.021456591,0.587542147,0.616917388,0.201332263,0.102264343,0.615978152,0.563394283
cs 2,2/6/1945,0.267649046,2.021275427,1.010348563,1.105616002,0.602910297,0.805240465,0.227387339,0.105886827,0.622674141,0.56513383
cs 2,2/7/1945,0.271413687,2.039251044,1.037556184,1.171593781,0.610406113,0.712436885,0.217096432,0.106721688,0.622863159,0.569374341
cs 2,2/8/1945,0.262025167,2.050860383,0.943089093,1.224236098,0.615154909,0.704656527,0.216644935,0.107260022,0.623773219,0.560295942
cs 2,2/9/1945,0.267701775,1.915314079,1.059030448,1.15210744,0.595248667,0.680134254,0.207939855,0.100932663,0.618134226,0.561889791
cs 2,2/10/1945,0.25745973,1.858560324,0.985156796,0.885561793,0.565239717,0.682691801,0.205828853,0.098255747,0.611899265,0.548915117
cs 2,2/11/1945,0.267219619,1.964787573,1.030016028,1.348406571,0.616340254,0.728780893,0.215952073,0.103252803,0.623451071,0.563028111
cs 2,2/12/1945,0.270142497,1.959903814,1.061002751,1.309460506,0.612950791,0.498369468,0.187012719,0.103024322,0.619096581,0.56556034
cs 2,2/13/1945,0.27292049,2.113664444,1.019548374,1.085024749,0.611446938,0.661203932,0.214029225,0.11016078,0.623064441,0.573039757
cs 2,2/14/1945,0.255147664,1.838804017,0.973320337,1.050800964,0.577228646,0.728752999,0.210642357,0.097320012,0.614663072,0.546316366
cs 2,2/15/1945,0.263239542,2.054351653,0.955089015,1.121901301,0.607448178,0.613407038,0.205664415,0.107421784,0.620914964,0.561586766
cs 2,2/16/1945,0.277185043,2.005257805,1.106981187,1.200726498,0.609548748,0.657804851,0.209030412,0.105141548,0.62148282,0.573987356
cs 2,2/17/1945,0.269818407,2.045250961,1.016432522,1.257630487,0.617739475,0.711400559,0.217222255,0.106999992,0.624311508,0.567728125
cs 2,2/18/1945,0.271720641,2.050836085,1.038048242,1.364329429,0.626737897,0.567400564,0.199791959,0.107258896,0.623855505,0.570378965
cs 2,2/19/1945,0.249228854,1.877492747,0.900315793,1.009165099,0.577598512,0.673605032,0.205518121,0.099150571,0.614279933,0.541201899
cs 2,2/20/1945,0.27224696,2.004861894,1.062924635,1.142937265,0.604505676,0.564872556,0.197471716,0.10512311,0.619042503,0.569131115
cs 2,2/21/1945,0.270518909,2.022203488,1.036372075,1.191227435,0.610112997,0.852942707,0.232993075,0.105929969,0.624772451,0.568146477
cs 2,2/22/1945,0.264512521,2.109713815,0.941997539,1.034685356,0.606403312,0.815296166,0.232148592,0.109978881,0.624424994,0.564703295
cs 2,2/23/1945,0.261079116,1.843290195,1.026559803,1.371545575,0.604944067,0.661861402,0.202590709,0.097532672,0.618902074,0.552923145
cs 2,2/24/1945,0.263775737,1.976050427,0.994450301,1.031295773,0.591591514,0.566659631,0.196436847,0.103779266,0.616294384,0.559420499
cs 2,2/25/1945,0.268583701,2.045588779,1.007613062,0.975796251,0.594962501,0.795121541,0.227189862,0.107015656,0.621278378,0.566547882
cs 2,2/26/1945,0.263341846,2.006210256,0.975212681,0.94831306,0.587944951,0.706984306,0.215056157,0.1051859,0.618166708,0.559826724
cs 2,2/27/1945,0.262519581,1.949369315,0.99313548,1.339725801,0.613719086,0.659684475,0.206878211,0.102531067,0.621705152,0.557734003
cs 2,2/28/1945,0.264416704,1.992611544,0.991166713,1.283936286,0.613956052,0.683898442,0.211682308,0.104552229,0.62259687,0.560908426
cs 2,3/1/1945,0.255110955,1.816411413,0.984657692,1.475554143,0.610034112,0.67599191,0.203187567,0.096256968,0.619806659,0.546296816
cs 2,3/2/1945,0.266056759,1.991448004,1.00489527,1.104818335,0.599516363,0.703487994,0.214013051,0.104497968,0.620139151,0.562065371
cs 2,3/3/1945,0.258372736,1.842788121,1.005208092,1.630067819,0.625138115,0.766942204,0.215447484,0.097508877,0.624420519,0.551062703
cs 2,3/4/1945,0.267897131,2.016665663,1.018175704,0.954579027,0.589964712,0.843504202,0.231673516,0.105672471,0.620769912,0.565444696
cs 2,3/5/1945,0.262963958,1.854525639,1.038817426,1.165350207,0.589317898,0.83343506,0.223886459,0.098064812,0.618750937,0.555113419
cs 2,3/6/1945,0.251980537,1.835687432,0.949475759,1.252957693,0.593750002,0.709319828,0.208130206,0.097172214,0.617439628,0.543681827
cs 2,3/7/1945,0.280298137,2.177819258,1.066119851,0.981336744,0.610450234,0.793647486,0.232379613,0.113104056,0.625580685,0.582759599
cs 2,3/8/1945,0.259976904,1.871638671,1.000077195,1.524591829,0.620013604,0.836995163,0.225010073,0.09887408,0.624819829,0.552780926
cs 2,3/9/1945,0.266415686,2.03111779,0.995739305,1.306631114,0.619883124,0.488906702,0.188974891,0.106344145,0.621064679,0.564177954
cs 2,3/10/1945,0.257968153,1.930095116,0.960149616,0.982970339,0.581965187,0.702159197,0.211263474,0.101627143,0.616135108,0.5521442
cs 2,3/11/1945,0.274379376,2.070033222,1.054437293,1.141535103,0.61145917,0.748195127,0.222647777,0.108147623,0.62394273,0.573524677
cs 2,3/12/1945,0.257751136,1.921895605,0.962113074,1.040233135,0.585891949,0.647017255,0.204135002,0.10124203,0.61590808,0.551700567
cs 2,3/13/1945,0.269816745,1.98131365,1.048054955,0.976351238,0.588013627,0.528301271,0.191803321,0.104025067,0.615052046,0.565433635
cs 2,3/14/1945,0.251330922,1.828722576,0.943412624,1.443452654,0.608500391,0.88873271,0.229340579,0.096841738,0.622952409,0.542977828
cs 2,3/15/1945,0.264111766,1.9777235,0.995671822,1.091622713,0.596802273,0.592032729,0.199698937,0.103857416,0.617710872,0.559809573
cs 2,3/16/1945,0.268961968,1.891173608,1.080772329,1.309109608,0.60556742,0.812522123,0.222914974,0.09979604,0.621897923,0.562724404
cs 2,3/17/1945,0.264903987,1.978010866,1.002736055,1.4663899,0.626730286,0.600734819,0.200799685,0.103870838,0.623592288,0.561128155
cs 2,3/18/1945,0.251110092,1.897369831,0.91077227,1.044737357,0.583033569,0.484079484,0.182347117,0.100088065,0.612440909,0.543775
cs 2,3/19/1945,0.261133216,1.865841306,1.018765472,1.356270084,0.606120466,0.580942254,0.193402483,0.098600094,0.618079609,0.553743424
cs 2,3/20/1945,0.267447721,2.132345725,0.963774978,1.052918045,0.610472016,0.575248768,0.204292663,0.111019895,0.621734329,0.568465649
cs 2,3/21/1945,0.263353876,1.894031446,1.028130255,0.908234136,0.571810547,0.650892501,0.203416078,0.099930753,0.613011343,0.556466322
cs 2,3/22/1945,0.253468715,1.842870018,0.956186862,1.005678438,0.573659247,0.719429998,0.209675233,0.097512758,0.613889624,0.544660487
cs 2,3/23/1945,0.266846878,2.025165611,1.000670311,1.082613263,0.601398517,0.576877074,0.199862946,0.106067639,0.618863731,0.564053041
cs 2,3/24/1945,0.267526963,1.966186697,1.034533582,1.283041596,0.611326789,0.908056198,0.237110596,0.103318238,0.625240448,0.563778337
cs 2,3/25/1945,0.263556316,1.945142539,1.005488829,1.480208859,0.624355632,0.707967975,0.212606409,0.102333,0.624456658,0.55899569
cs 2,3/26/1945,0.265270702,1.957472017,1.014427235,1.036058293,0.590047761,0.85718621,0.230874493,0.102910508,0.620361779,0.560522214
cs 2,3/27/1945,0.272285881,2.118028101,1.01030599,1.256082846,0.625273669,0.813085173,0.232226979,0.110361608,0.628066422,0.572844124
cs 2,3/28/1945,0.266006256,1.984764099,1.009841224,1.020214837,0.591790073,0.641762197,0.206183272,0.104186134,0.617629927,0.561857729
cs 2,3/29/1945,0.265517402,2.073434612,0.971007923,1.556259044,0.643074419,0.676414692,0.214180425,0.1083049,0.628956111,0.565458576
cs 2,3/30/1945,0.269089109,2.064980856,1.010076331,1.574485005,0.643828452,0.612601758,0.206020444,0.107913901,0.628029649,0.568869361
cs 2,3/31/1945,0.263129342,1.973243648,0.991863119,1.237432072,0.608115131,0.723813141,0.215706798,0.103648128,0.621894073,0.559441704
cs 2,4/1/1945,0.255265687,1.887932283,0.954791546,1.168871331,0.592735874,0.769299805,0.217618805,0.0996432,0.618761264,0.548512386
cs 2,4/2/1945,0.266389315,2.085651847,0.975441485,1.316130935,0.626208658,0.742208496,0.22258056,0.108869343,0.626834802,0.566655787
cs 2,4/3/1945,0.252466773,1.891583659,0.926033322,0.867692732,0.56713132,0.743634533,0.2146773,0.099815372,0.613591367,0.545126128
cs 2,4/4/1945,0.260069826,1.990645495,0.952833053,0.958042205,0.58679134,0.598495467,0.201067606,0.104460539,0.616058173,0.556023357
cs 2,4/5/1945,0.265366909,2.024286568,0.985738483,1.126674933,0.604779098,0.563325915,0.198125083,0.106026788,0.619282694,0.562432274
cs 2,4/6/1945,0.271517522,1.944210107,1.084281793,0.850160215,0.573148825,0.824097247,0.226459378,0.102289294,0.616548958,0.566615595
cs 2,4/7/1945,0.26429021,2.006237601,0.983070919,1.224604607,0.610659388,0.634268798,0.206178263,0.105187173,0.621335855,0.560962549
cs 2,4/8/1945,0.26612219,2.04435689,0.986541246,1.436374412,0.631222869,0.69660129,0.215401278,0.106958532,0.626664241,0.564707664
cs 2,4/9/1945,0.268002923,2.00961698,1.019306496,1.135299404,0.604094903,0.544493629,0.195108089,0.105344501,0.618689246,0.564844819
cs 2,4/10/1945,0.273904251,2.104725418,1.03596598,1.428705097,0.637188922,0.632129859,0.210113331,0.10974909,0.627465519,0.574478716
cs 2,4/11/1945,0.267879267,2.058054191,1.001464329,1.349155366,0.626044817,0.580053622,0.201685497,0.10759327,0.623999025,0.567079328
cs 2,4/12/1945,0.272077943,2.075255452,1.028879441,1.608775056,0.647546619,0.740489867,0.221947311,0.10838907,0.63081764,0.571856863
cs 2,4/13/1945,0.266304904,2.070362793,0.97754408,1.177300926,0.613775283,0.639630566,0.209571973,0.108162864,0.622708361,0.565355043
cs 2,4/14/1945,0.257328532,2.022166618,0.912553978,1.298608502,0.617704831,0.684296854,0.212978385,0.105928255,0.623638574,0.554782596
cs 2,4/15/1945,0.248673334,1.944613298,0.870312117,0.775154754,0.564847261,0.814230584,0.225312691,0.102308194,0.614856973,0.543233865
cs 2,4/16/1945,0.25858082,2.002819562,0.931107759,1.281958598,0.614462989,0.755077593,0.220690116,0.105027987,0.623904605,0.555330445
cs 2,4/17/1945,0.268381564,2.088456003,0.986335236,0.973686445,0.599437815,0.896457259,0.240638852,0.108998794,0.624108475,0.567771548
cs 2,4/18/1945,0.266447509,1.888809747,1.060040981,1.034373044,0.582330659,0.741179512,0.214263648,0.099684581,0.616368116,0.55981835
cs 2,4/19/1945,0.2695645,1.987439605,1.042345732,1.191615886,0.606390108,0.761371145,0.220804118,0.104310985,0.622299456,0.565945217
cs 2,4/20/1945,0.268646522,2.056155862,1.00627193,1.297593855,0.621909852,0.722860325,0.21905179,0.107505356,0.625402417,0.567571284
cs 2,4/21/1945,0.276700507,2.162060267,1.03564516,1.356357643,0.63762688,0.683044733,0.218685236,0.112382916,0.628936959,0.578785454
cs 2,4/22/1945,0.268903613,2.032732615,1.01956291,1.159984141,0.608611491,0.594756889,0.202422145,0.106419131,0.620607633,0.566785704
cs 2,4/23/1945,0.271209307,1.896268357,1.097671707,0.82657995,0.565492819,0.791235691,0.220591969,0.100036167,0.614089073,0.564201147
cs 2,4/24/1945,0.258982564,2.100935023,0.895231043,1.123306478,0.612185477,0.638172734,0.210690867,0.109574404,0.622710407,0.558875928
cs 2,4/25/1945,0.274872797,2.097643658,1.047205188,1.112780301,0.612108088,0.758537361,0.225007894,0.10942266,0.624517404,0.574862498
cs 2,4/26/1945,0.266323258,2.02652505,0.993974513,1.213473808,0.612050182,0.574717948,0.199651694,0.106130807,0.620880406,0.563626025
cs 2,4/27/1945,0.268009716,1.934433033,1.052938834,1.59089555,0.632057671,0.676488419,0.208307034,0.101830747,0.625339761,0.563345722
cs 2,4/28/1945,0.272806335,2.024216257,1.05802051,0.82871663,0.580517176,0.740492456,0.219835139,0.106023521,0.617491185,0.569921184
cs 2,4/29/1945,0.262376605,2.011789047,0.964555054,1.234393226,0.611891105,0.608635418,0.20324384,0.105445592,0.621227398,0.559387489
cs 2,4/30/1945,0.264031323,1.95118954,1.003893308,0.882469783,0.576183246,0.703257572,0.212288842,0.102616336,0.615298199,0.558444517
cs 2,5/1/1945,0.260893446,1.97559613,0.96957171,1.714334194,0.644907895,0.704683999,0.21349107,0.103758043,0.628709264,0.557845972
cs 2,5/2/1945,0.253523571,1.853834669,0.951167781,1.158200558,0.587946876,0.493954616,0.181664401,0.098032105,0.613048407,0.544888564
cs 2,5/3/1945,0.258761241,1.78751718,1.02976918,1.186330561,0.58330413,0.793438762,0.216329779,0.094881417,0.616264322,0.548681994
cs 2,5/4/1945,0.249447014,1.890180038,0.897287339,1.399724578,0.611364075,0.65503054,0.203763725,0.099749195,0.620536402,0.542469963
cs 2,5/5/1945,0.269077238,1.937147986,1.059523435,1.34851063,0.613590488,0.474961742,0.18295764,0.101958128,0.618586912,0.563638944
cs 2,5/6/1945,0.269989065,2.076225807,1.008273582,1.362256584,0.629036355,0.626171331,0.20817134,0.108433919,0.625493284,0.569292206
cs 2,5/7/1945,0.262396042,2.100283954,0.924860571,1.365943942,0.631236935,0.48835281,0.191974471,0.109544392,0.62400799,0.562124788
cs 2,5/8/1945,0.273604913,2.090732728,1.03685455,1.272493066,0.623843713,0.790114931,0.228441174,0.109103867,0.62716144,0.573510419
cs 2,5/9/1945,0.261743414,1.985199993,0.970011004,1.011532455,0.590801903,0.77134226,0.221899356,0.104206477,0.61948057,0.557779646
cs 2,5/10/1945,0.265292785,2.040087177,0.978114579,1.34921435,0.624041278,0.710298635,0.216874053,0.106760483,0.625447354,0.563377447
cs 2,5/11/1945,0.27270949,1.994356959,1.071866147,0.879689184,0.581495726,0.713067809,0.215294151,0.104633613,0.616920844,0.569096535
cs 2,5/12/1945,0.261859872,2.05877901,0.938441522,1.245106098,0.617612401,0.660609585,0.211642819,0.107626832,0.623645506,0.560389002
cs 2,5/13/1945,0.265547976,2.02077352,0.991619307,1.36535736,0.623332605,0.62034372,0.205081399,0.105863493,0.623706977,0.563196641
cs 2,5/14/1945,0.272572992,2.114138431,1.016388216,1.361297691,0.632951378,0.616847301,0.208641927,0.110182599,0.626509329,0.573051803
cs 2,5/15/1945,0.277054755,2.128162571,1.0570752,1.003056762,0.606702607,0.728511862,0.222706166,0.110827668,0.623355629,0.578022967
cs 2,5/16/1945,0.265788314,2.162302718,0.934710811,0.946241385,0.604960585,0.629758875,0.212261128,0.11239402,0.621861927,0.567655547
cs 2,5/17/1945,0.287038123,2.119531833,1.162266683,1.534132635,0.647321428,0.698935108,0.218820667,0.110430793,0.630609274,0.588738009
cs 2,5/18/1945,0.268874193,2.151232359,0.968314038,1.088388518,0.615370366,0.804702315,0.232591789,0.11188673,0.626401371,0.570770494
cs 2,5/19/1945,0.260146789,2.018862154,0.942550727,1.231662838,0.612262137,0.695450145,0.214191935,0.105774622,0.622735191,0.557695578
cs 2,5/20/1945,0.266511491,1.961833212,1.024959313,0.908344676,0.579807795,0.647561727,0.205916843,0.103114601,0.615209612,0.561511921
cs 2,5/21/1945,0.263682073,1.980154809,0.992310587,1.293354,0.613347083,0.685674668,0.211371933,0.103970959,0.622373799,0.560061408
cs 2,5/22/1945,0.270455422,1.981533522,1.052276503,1.52528916,0.631962569,0.613672034,0.202564664,0.104035333,0.624846834,0.566782685
cs 2,5/23/1945,0.260195113,1.950624933,0.9696463,1.158229765,0.599054037,0.696490089,0.211440983,0.102589888,0.619499238,0.555082125
cs 2,5/24/1945,0.260874099,1.846040744,1.026385667,0.786043694,0.555098511,0.636867291,0.199590177,0.097663005,0.609125294,0.552205944
cs 2,5/25/1945,0.260765721,1.950618093,0.978905302,1.034915047,0.588862391,0.671480309,0.208381816,0.102589568,0.617174155,0.555871426
cs 2,5/26/1945,0.266909174,2.124665446,0.957489673,1.582166302,0.650043184,0.620648076,0.209555361,0.1106669,0.629998042,0.567971311
cs 2,5/27/1945,0.272626367,2.194021405,0.978793143,1.167475515,0.62620465,0.56630184,0.205833573,0.11384423,0.625273772,0.574932647
cs 2,5/28/1945,0.276578156,2.018604331,1.097863447,1.309819399,0.619535087,0.658402461,0.20967088,0.105762633,0.623548447,0.574208121
cs 2,5/29/1945,0.272828912,2.224173616,0.968992051,1.105516879,0.624510071,0.777074259,0.232323274,0.115218343,0.628488732,0.576420179
cs 2,5/30/1945,0.269599729,2.081164356,1.004220667,1.743092527,0.657692392,0.747691507,0.223046629,0.108662104,0.632962885,0.569904571
cs 2,5/31/1945,0.252531243,1.739967563,0.992701064,1.508147563,0.604348476,0.673383772,0.19955282,0.092608222,0.617833308,0.540949815
cs 2,6/1/1945,0.266506061,1.921676253,1.04425748,0.570189973,0.544905298,0.89725205,0.23408414,0.101231723,0.612225154,0.560250421
cs 2,6/2/1945,0.272283863,2.03795686,1.046433612,0.872214903,0.585723064,0.574830979,0.20016242,0.106661635,0.615997184,0.569595138
cs 2,6/3/1945,0.274337116,2.123544748,1.030641441,0.94936321,0.601663797,0.767816402,0.227160591,0.110615367,0.622954445,0.574914031
cs 2,6/4/1945,0.256452942,1.959347367,0.932045304,1.248375147,0.607049334,0.710471231,0.213508996,0.102998282,0.621333456,0.551827287
cs 2,6/5/1945,0.256053362,1.959756049,0.930308013,1.088746158,0.594018541,0.621925581,0.202651142,0.103017407,0.617462532,0.551306988
cs 2,6/6/1945,0.26036535,1.957736385,0.968258453,1.550886245,0.630846281,0.777019544,0.221440516,0.102922883,0.626902552,0.556165073
cs 2,6/7/1945,0.2635873,1.961199808,1.000538291,1.123555308,0.597596852,0.554914387,0.194299535,0.103084965,0.617083293,0.559013104
cs 2,6/8/1945,0.263996598,1.982295035,0.994502136,1.152312231,0.602260427,0.585265341,0.199049731,0.104070884,0.618692675,0.560122719
cs 2,6/9/1945,0.274267765,1.995767948,1.086461369,0.836865047,0.578101105,0.687703819,0.212278872,0.104699393,0.61589953,0.570643106
cs 2,6/10/1945,0.259186129,1.965854831,0.953690125,1.006619107,0.58805973,0.554287739,0.194424902,0.103302718,0.615311377,0.554134247
cs 2,6/11/1945,0.272910841,2.016806581,1.064729151,0.908921179,0.58651027,0.651460649,0.20874403,0.105679026,0.617136545,0.570041312
cs 2,6/12/1945,0.258946526,2.055008411,0.909942635,1.537548047,0.639442995,0.506430613,0.192275701,0.107452208,0.625401677,0.557191535
cs 2,6/13/1945,0.2681791,2.01306883,1.01672106,0.762960932,0.573221657,0.695436391,0.21394669,0.105505144,0.615297745,0.564523022
cs 2,6/14/1945,0.253560077,1.879635734,0.94524117,1.249381416,0.598362656,0.760251112,0.216183193,0.099251742,0.619595386,0.546884298
cs 2,6/15/1945,0.26340777,2.094227535,0.937193899,1.393184636,0.632766886,0.727004368,0.221125575,0.109265108,0.627954522,0.563341842
cs 2,6/16/1945,0.272331324,2.015228555,1.058712448,1.254428114,0.614533438,0.621860037,0.205030915,0.105605624,0.621979744,0.5697257
cs 2,6/17/1945,0.266257719,1.988089353,1.008059627,0.974574518,0.58835502,0.61200333,0.202640118,0.1043413,0.61654212,0.56182047
cs 2,6/18/1945,0.261934051,1.979330349,0.979292302,1.546727072,0.632803591,0.766175384,0.221041389,0.10393246,0.627343587,0.559054367
cs 2,6/19/1945,0.25889409,1.762363917,1.043900965,1.260843843,0.586810943,0.634416945,0.195627816,0.093680402,0.614108813,0.548067353
cs 2,6/20/1945,0.263767213,2.035831923,0.969666461,1.157502935,0.608380317,0.797843208,0.227111736,0.106563014,0.623752677,0.561998354
cs 2,6/21/1945,0.265899288,2.069609445,0.969970609,1.269329292,0.620905226,0.614463589,0.206448246,0.108128023,0.623673662,0.56458127
cs 2,6/22/1945,0.273970175,2.132855822,1.018041797,1.137245852,0.617658246,0.668005094,0.215657123,0.11104333,0.624560555,0.574434457
cs 2,6/23/1945,0.264589752,2.037200625,0.976291499,0.99254297,0.595142331,0.454622435,0.184825778,0.106626539,0.615825586,0.562087517
cs 2,6/24/1945,0.26261826,2.015578531,0.96609358,0.917747642,0.586358301,0.666549547,0.2105385,0.105621904,0.617333271,0.559485089
cs 2,6/25/1945,0.26679513,1.999436703,1.014479914,1.292486047,0.615510108,0.611307125,0.20304316,0.104870382,0.621829555,0.563847419
cs 2,6/26/1945,0.264322403,1.974576098,1.003838996,1.293310594,0.612802976,0.662564332,0.208308057,0.103710387,0.621847878,0.560825373
cs 2,6/27/1945,0.267430154,1.980688292,1.029623523,0.8002793,0.572689638,0.720756826,0.215649769,0.103995869,0.615244208,0.563443739
cs 2,6/28/1945,0.269187989,2.098994516,0.992144933,1.130338079,0.613250103,0.635462643,0.210277576,0.109484946,0.622850647,0.569059296
cs 2,6/29/1945,0.255272297,1.838928956,0.975674774,1.199914801,0.589924176,0.789531812,0.218006071,0.097325936,0.618013124,0.546903767
cs 2,6/30/1945,0.267877493,2.042048722,1.005379045,1.309284343,0.621316822,0.618387071,0.205752106,0.10685148,0.623517555,0.566247477
cs 2,7/1/1945,0.249019014,1.708562034,0.973547837,0.98662559,0.5558794,0.624975283,0.192059594,0.091100273,0.607518831,0.535271336
cs 2,7/2/1945,0.261812261,2.081218756,0.931736374,1.344232143,0.627611708,0.716569359,0.219340028,0.108664617,0.62666619,0.561654605
cs 2,7/3/1945,0.272242004,2.049051519,1.040141179,1.011049526,0.598510124,0.811062459,0.229200107,0.107176188,0.622227509,0.570319866
cs 2,7/4/1945,0.264956993,1.949565186,1.01495294,1.279894244,0.609140687,0.732406862,0.215752133,0.102540244,0.621968017,0.560122957
cs 2,7/5/1945,0.261929145,1.807662541,1.052727848,0.771157686,0.549191099,0.794473281,0.217295985,0.095840926,0.610143322,0.55220119
cs 2,7/6/1945,0.271110723,2.017110874,1.045880264,1.533571919,0.636188077,0.618393388,0.204682793,0.105693178,0.626122852,0.568888555
cs 2,7/7/1945,0.259074103,1.8854047,0.988506661,1.256214156,0.599943217,0.599581267,0.196621169,0.099523978,0.617413784,0.551893733
cs 2,7/8/1945,0.266570515,1.916912248,1.05068129,1.444359735,0.618866356,0.67889769,0.207856067,0.101007805,0.622643246,0.561529442
cs 2,7/9/1945,0.266813323,2.01362896,1.007277899,1.159260861,0.606376568,0.757478717,0.221423575,0.105531206,0.622517348,0.564216081
cs 2,7/10/1945,0.263744109,1.844307877,1.052425479,0.954406182,0.570133622,0.787493964,0.217985544,0.097580899,0.614324779,0.555393182
cs 2,7/11/1945,0.254212986,1.90785812,0.936947817,1.057501794,0.585522463,0.8892345,0.232599276,0.100581926,0.619470981,0.548171598
cs 2,7/12/1945,0.266353884,2.170180123,0.937296525,1.007079971,0.610726054,0.735500024,0.225260361,0.112754635,0.62467126,0.5687706
cs 2,7/13/1945,0.262113348,1.930665434,1.001494443,1.285520452,0.607388235,0.715906757,0.212960491,0.101653917,0.621172848,0.557152821
cs 2,7/14/1945,0.268206356,2.007800145,1.024985043,1.368391747,0.622418332,0.628687785,0.205556226,0.105259925,0.623521815,0.56574818
cs 2,7/15/1945,0.264113754,1.96310509,1.006813475,1.398797705,0.61990765,0.740294659,0.217268411,0.103174104,0.62429431,0.560494494
cs 2,7/16/1945,0.252611081,1.892175342,0.930160185,1.175671517,0.593574067,0.676678713,0.206526307,0.099843265,0.617508327,0.546002345
cs 2,7/17/1945,0.266899445,1.92670773,1.045368949,1.554677612,0.62844026,0.879695556,0.232251259,0.101468086,0.627664384,0.562163614
